country,iso2c,iso3c,year,co2_mt,gdp_ppp,pop,gdp_pc_ppp,co2_pc_t
Afghanistan,AF,AFG,2020,12.1436,100094011602.726,39068979,2561.9817605862186,0.31082460588488886
Afghanistan,AF,AFG,2021,12.4864,85767546197.7544,40000412,2144.1665700281887,0.3121567847851167
Afghanistan,AF,AFG,2022,11.298,86148711748.6848,40578842,2122.995815126632,0.27842095641861836
Afghanistan,AF,AFG,2023,11.6486,91271896894.46,41454761,2201.7229069167715,0.28099546877136744
Albania,AL,ALB,2020,4.5676,41182895542.0584,2528480,16287.609766364933,1.8064607985825476
Albania,AL,ALB,2021,5.1122,45345712251.0862,2489762,18212.870246668637,2.053288627587697
Albania,AL,ALB,2022,4.5239,54275343252.3649,2451636,22138.418285734464,1.8452576157308833
Albania,AL,ALB,2023,4.2226,59923521425.5842,2414095,24822.354308999522,1.7491440891928445
Albania,AL,ALB,2024,4.2437,63473299185.7041,2377128,26701.674956377654,1.7852214941728002
Algeria,DZ,DZA,2020,171.9505,558300141593.952,44042091,12676.513056429405,3.9042310684113524
Algeria,DZ,DZA,2021,181.3215,648895630480.26,44761099,14496.865469729866,4.050872388097531
Algeria,DZ,DZA,2022,189.1886,720184226953.645,45477389,15836.094437032105,4.160058529305629
Algeria,DZ,DZA,2023,190.5786,776689344138.301,46164219,16824.487903462657,4.1282751907922455
Algeria,DZ,DZA,2024,186.3584,824902861696.865,46814308,17620.742395612575,3.9808000579651845
Angola,AO,AGO,2020,20.538,261836328695.531,33451132,7827.428043258177,0.613970253682297
Angola,AO,AGO,2021,25.5641,306036100914.862,34532429,8862.281333145202,0.7402925522557362
Angola,AO,AGO,2022,26.6839,341677256610.31,35635029,9588.241295111897,0.7488109522795674
Angola,AO,AGO,2023,27.336,358443900347.246,36749906,9753.600467637822,0.7438386373015484
Angola,AO,AGO,2024,28.1004,383352092457.214,37885849,10118.608994540784,0.7417122947409731
Antigua and Barbuda,AG,ATG,2020,0.326,2054603457.83519,91846,22370.09186938125,3.5494196807699847
Antigua and Barbuda,AG,ATG,2021,0.3315,2377570792.25983,92349,25745.495806774627,3.589643634473573
Antigua and Barbuda,AG,ATG,2022,0.343,2779062289.10061,92840,29933.88936989024,3.694528220594571
Antigua and Barbuda,AG,ATG,2023,0.3441,2948949156.32379,93316,31601.75271468762,3.6874705302413306
Antigua and Barbuda,AG,ATG,2024,0.3562,3130689969.29169,93772,33386.19171278943,3.79857526767052
Argentina,AR,ARG,2020,168.1154,1011999397129.76,45191965,22393.34795753537,3.7200285493228717
Argentina,AR,ARG,2021,185.676,1191725417699.43,45312281,26300.274261175022,4.0976970459730335
Argentina,AR,ARG,2022,195.0411,1353555462358.02,45407904,29808.80734680068,4.295311670849198
Argentina,AR,ARG,2023,189.8908,1376238680576.58,45538401,30221.497688875374,4.169904867762045
Argentina,AR,ARG,2024,183.272,1390588639479.49,45696159,30431.19312236921,4.010665316531308
Armenia,AM,ARM,2020,6.9145,43552758696.8095,2961500,14706.317304342227,2.334796555799426
Armenia,AM,ARM,2021,7.4634,47164867556.762,2962300,15921.705281964014,2.5194612294500893
Armenia,AM,ARM,2022,7.7742000000000004,56893939956.673,2969200,19161.3700514189,2.61828101845615
Armenia,AM,ARM,2023,7.4987,63833326718.2117,2964300,21534.030536117025,2.5296697365313903
Armenia,AM,ARM,2024,7.4936,69234115090.8145,3033500,22823.17952556931,2.470281852645459
Aruba,AW,ABW,2020,0.4887,3133234156.9919,108587,28854.597299786346,4.500538738523027
Aruba,AW,ABW,2021,0.5074,3780785538.74098,107700,35104.78680353742,4.7112349117920145
Aruba,AW,ABW,2022,0.5355,4481147103.64658,107310,41758.89575665436,4.990215264187867
Aruba,AW,ABW,2023,0.5371,5000176438.22858,107359,46574.35741976528,5.002840935552679
Aruba,AW,ABW,2024,0.556,5469871318.00027,107995,50649.30152322117,5.148386499374971
Australia,AU,AUS,2020,392.5458,1389782994669.37,25649248,54184.161448685365,15.304378514333052
Australia,AU,AUS,2021,384.7347,1498163677059.36,25685412,58327.41468423244,14.97872411001233
Australia,AU,AUS,2022,378.0651,1719920190001.38,26018721,66103.1797066958,14.530502863688035
Australia,AU,AUS,2023,377.4957,1926784790365.08,26659922,72272.70921366836,14.159670084556137
Australia,AU,AUS,2024,383.4031,1961194326932.44,27196812,72111.18446281277,14.097354498755221
Austria,AT,AUT,2020,62.9162,521841933098.152,8916864,58523.03378162457,7.055866277650977
Austria,AT,AUT,2021,66.2034,563937063927.258,8955797,62968.942231189256,7.392239908966226
Austria,AT,AUT,2022,62.6472,651605489975.913,9041851,72065.49742701057,6.92858132698714
Austria,AT,AUT,2023,58.4761,671592228021.923,9131761,73544.6567230486,6.403595100660212
Austria,AT,AUT,2024,58.0304,678357862822.348,9177982,73911.43966313597,6.322784246035784
Azerbaijan,AZ,AZE,2020,35.4067,153047750160.236,10093121,15163.5703327282,3.508003124107994
Azerbaijan,AZ,AZE,2021,37.4242,203884098954.124,10137750,20111.37569521087,3.691568641957042
Azerbaijan,AZ,AZE,2022,39.6836,228717780440.05,10141756,22552.088656052263,3.9128924024596925
Azerbaijan,AZ,AZE,2023,41.7458,240157347806.31,10153958,23651.599485275594,4.1112835014680975
Azerbaijan,AZ,AZE,2024,38.8875,255978795500.51,10202830,25088.999375713407,3.8114425115384654
"Bahamas, The",BS,BHS,2020,1.1733,10769304826.4195,395863,27204.62590951794,2.9639041789710077
"Bahamas, The",BS,BHS,2021,1.4488,12313201284.2481,396373,31064.682216619447,3.65514300923625
"Bahamas, The",BS,BHS,2022,1.4055,14625979989.0631,397538,36791.40104609648,3.535511070639788
"Bahamas, The",BS,BHS,2023,1.4098,15614158121.4937,399440,39090.12147379757,3.529441217704787
"Bahamas, The",BS,BHS,2024,1.4592,16532030651.588,401283,41197.934254847576,3.63633645083395
Bahrain,BH,BHR,2020,36.8402,78668739612.8244,1472204,53436.0316999712,25.023841804532523
Bahrain,BH,BHR,2021,37.3578,82671890844.1512,1504365,54954.6757895532,24.832936155786662
Bahrain,BH,BHR,2022,38.8307,94039487080.4043,1524693,61677.653849269525,25.467881075075443
Bahrain,BH,BHR,2023,38.689,101201588299.581,1577059,64171.085735905246,24.53237323397539
Bahrain,BH,BHR,2024,37.9692,106347544575.271,1588670,66941.2430367987,23.899991817054516
Bangladesh,BD,BGD,2020,104.1229,1104316059486.83,166298024,6640.584373310594,0.626122292349066
Bangladesh,BD,BGD,2021,117.7683,1247561124482.2,167658854,7441.069139612513,0.7024281580738945
Bangladesh,BD,BGD,2022,120.8657,1431395376250.57,169384897,8450.549025339433,0.7135565339098681
Bangladesh,BD,BGD,2023,118.9891,1568541874255.92,171466990,9147.777506655479,0.6939475639013667
Bangladesh,BD,BGD,2024,124.1907,1674316179059.49,173562364,9646.76984383256,0.7155393435410916
Barbados,BB,BRB,2020,0.6726,4663612425.10684,281698,16555.3622145235,2.387663384191581
Barbados,BB,BRB,2021,0.6515,4989129631.48072,282147,17682.731453748293,2.3090800185718794
Barbados,BB,BRB,2022,0.6889,6265553590.03786,282318,22193.248712578934,2.440156135988495
Barbados,BB,BRB,2023,0.6906,6680184035.86102,282336,23660.404751292856,2.4460217613056785
Barbados,BB,BRB,2024,0.7128,7011546804.87199,282467,24822.534330990842,2.52348061897496
Belarus,BY,BLR,2020,58.1601,233301042735.647,9379952,24872.30667445281,6.200468829691239
Belarus,BY,BLR,2021,58.6423,256855349956.29,9302585,27611.180113515762,6.303871450784916
Belarus,BY,BLR,2022,55.8945,262349397266.918,9228071,28429.494882182637,6.057008013917535
Belarus,BY,BLR,2023,53.8204,283005268457.448,9178298,30834.177366811145,5.863875851492292
Belarus,BY,BLR,2024,54.2158,301471104003.261,9132629,33010.33076053576,5.936494299724647
Belgium,BE,BEL,2020,91.9274,647547562363.422,11538604,56120.095842046576,7.966942968144154
Belgium,BE,BEL,2021,96.0214,702925341289.817,11586195,60669.213774653115,8.287569819082107
Belgium,BE,BEL,2022,89.6767,807431179125.495,11680210,69128.13888838429,7.677661617385304
Belgium,BE,BEL,2023,85.7301,847521699698.349,11779946,71946.14471902918,7.277630984046955
Belgium,BE,BEL,2024,86.6463,871779584488.161,11858610,73514.48310452583,7.306615193517621
Belize,BZ,BLZ,2020,0.3186,3766995886.26518,390812,9638.895136958896,0.8152257351360757
Belize,BZ,BLZ,2021,0.3361,4632002927.90342,395346,11716.326781865557,0.8501413951323651
Belize,BZ,BLZ,2022,0.3545,5421273424.57134,402733,13461.209845161284,0.8802357889718498
Belize,BZ,BLZ,2023,0.3756,5644441004.69254,411106,13729.892058720963,0.9136329803019173
Belize,BZ,BLZ,2024,0.3889,5983531291.028,417072,14346.51880497372,0.9324529098093375
Benin,BJ,BEN,2020,8.7059,42407309934.6404,13070169,3244.5877275680523,0.6660893214158133
Benin,BJ,BEN,2021,6.7467,46467947984.7692,13413417,3464.2886286744983,0.5029814550610034
Benin,BJ,BEN,2022,7.0594,52893642973.6996,13759501,3844.154157458152,0.5130563964492608
Benin,BJ,BEN,2023,6.8922,58278092338.3684,14111034,4129.966120014196,0.4884262910854017
Benin,BJ,BEN,2024,7.0481,64135878351.0355,14462724,4434.564218402806,0.4873286664393236
Bermuda,BM,BMU,2020,0.2142,5481895565.20419,64382,85146.40062756966,3.3270168680687147
Bermuda,BM,BMU,2021,0.2447,5968282122.23481,64648,92319.67148612192,3.7851132285608218
Bermuda,BM,BMU,2022,0.2575,6807865902.96515,64749,105142.40996718328,3.976895396067893
Bermuda,BM,BMU,2023,0.2583,7399642886.20114,64698,114372.04992737241,3.992395437262357
Bermuda,BM,BMU,2024,0.2673,8031206288.47236,64636,124252.83570258616,4.135466303607896
Bhutan,BT,BTN,2020,1.4131,9605861812.92756,770006,12475.048003427974,1.8351805050869734
Bhutan,BT,BTN,2021,1.5445,10436528611.9245,775442,13458.812666742966,1.9917672759535852
Bhutan,BT,BTN,2022,1.5172,11763540572.3864,780914,15063.81057630725,1.9428515816082181
Bhutan,BT,BTN,2023,1.5607,12751352311.2726,786385,16215.152007315246,1.9846512840402601
Bolivia,BO,BOL,2020,18.5659,113211838075.465,11816299,9580.989620816552,1.5712110873294591
Bolivia,BO,BOL,2021,21.8696,133727570900.831,11937360,11202.440983670676,1.8320298625491733
Bolivia,BO,BOL,2022,23.3823,148630265147.84,12077154,12306.729312869571,1.9360769929736759
Bolivia,BO,BOL,2023,24.4241,157853227832.123,12244159,12892.12495787771,1.9947552134858753
Bolivia,BO,BOL,2024,28.4356,159854141180.224,12413315,12877.635118437258,2.2907337806218564
Bosnia and Herzegovina,BA,BIH,2020,22.5364,54010129727.3927,3299349,16369.935319783599,6.830559604334067
Bosnia and Herzegovina,BA,BIH,2021,23.0097,59338761977.1417,3244907,18286.7373324233,7.091019865900625
Bosnia and Herzegovina,BA,BIH,2022,22.3986,69388114279.6861,3204802,21651.295237486152,6.989074520048352
Bosnia and Herzegovina,BA,BIH,2023,20.8288,74454975915.7299,3185073,23376.222747714073,6.5395047460450675
Bosnia and Herzegovina,BA,BIH,2024,20.4074,79242668357.1604,3164253,25043.0886396127,6.449357873722486
Botswana,BW,BWA,2020,6.0919,36179872017.8699,2365894,15292.262467325207,2.574882898388516
Botswana,BW,BWA,2021,6.5464,43131382328.6508,2401441,17960.62544474372,2.7260299128731456
Botswana,BW,BWA,2022,6.8377,48741318387.7386,2439892,19976.83437944737,2.802460108890066
Botswana,BW,BWA,2023,6.7207,52115142887.3206,2480244,21012.103199249996,2.7096930785842037
Botswana,BW,BWA,2024,6.9016,51779485617.4484,2521139,20538.1320178889,2.73749285541178
Brazil,BR,BRA,2020,447.921,3359777233354.22,208660842,16101.618306295439,2.1466461829
Brazil,BR,BRA,2021,506.2334,3787769507579.26,209550294,18075.706004875658,2.415808588653185
Brazil,BR,BRA,2022,479.2664,4180229770179.53,210306415,19876.853353139653,2.2788957721522665
Brazil,BR,BRA,2023,480.235,4471035569095.19,211140729,21175.61869882144,2.2744782698936308
Brazil,BR,BRA,2024,491.4688,4735725154575.41,211998573,22338.476564063523,2.3182646611493936
Brunei Darussalam,BN,BRN,2020,10.1279,31223413923.1335,447404,69787.9632795717,22.637034984041268
Brunei Darussalam,BN,BRN,2021,9.9862,35346624887.2816,451721,78248.79712761108,22.107008529601234
Brunei Darussalam,BN,BRN,2022,9.5371,37250061040.7016,455370,81801.74592244021,20.943628258339373
Brunei Darussalam,BN,BRN,2023,9.7036,39025627138.613,458949,85032.60087419953,21.14308997295996
Brunei Darussalam,BN,BRN,2024,9.3667,41589068031.7511,462721,89879.36149807573,20.242651619442384
Bulgaria,BG,BGR,2020,39.4151,179173724773.912,6550696,27351.860744860085,6.016933162521967
Bulgaria,BG,BGR,2021,45.8711,201460259474.462,6507301,30959.111845980693,7.049174458043358
Bulgaria,BG,BGR,2022,49.4431,234813242567.638,6465097,36320.14222951922,7.647696546548334
Bulgaria,BG,BGR,2023,36.9706,250316109451.97,6446596,38829.19132081024,5.7349025749403255
Bulgaria,BG,BGR,2024,34.1885,270342906713.719,6441421,41969.451571899895,5.307602157971044
Burkina Faso,BF,BFA,2020,5.7011,51134807594.6267,21478690,2380.7228278180232,0.2654305267220673
Burkina Faso,BF,BFA,2021,6.4371,54689652540.5665,21995243,2486.430931477615,0.29265873534563813
Burkina Faso,BF,BFA,2022,6.4885,59541822984.503,22509038,2645.2406799661094,0.28826198614085596
Burkina Faso,BF,BFA,2023,6.2637,63535071031.2249,23025776,2759.3020548460518,0.27202991986024705
Burkina Faso,BF,BFA,2024,6.4757,68194715212.1648,23548781,2895.8915203366496,0.2749908795703693
Burundi,BI,BDI,2020,0.9258,12088831351.648,12617036,958.1355994900863,0.07337698014018507
Burundi,BI,BDI,2021,0.8974,13426255704.0112,12965481,1035.5385738493774,0.06921455517153587
Burundi,BI,BDI,2022,0.9301,14716844080.0566,13321097,1104.77718764878,0.06982157700675853
Burundi,BI,BDI,2023,0.9495,15742649268.591,13689450,1149.9840584238957,0.06935998159166365
Burundi,BI,BDI,2024,0.9687,16786357120.2939,14047786,1194.9468137038748,0.06895748554256165
Cabo Verde,CV,CPV,2020,0.6283,3526877323.02085,514679,6852.576699303547,1.2207609014550818
Cabo Verde,CV,CPV,2021,0.6479,3970664151.46117,516649,7685.419213936677,1.2540428801759027
Cabo Verde,CV,CPV,2022,0.6801,4927702546.11045,519741,9481.073354056058,1.3085363671521009
Cabo Verde,CV,CPV,2023,0.6508,5349794123.69483,522331,10242.153201121186,1.2459532365492378
Cabo Verde,CV,CPV,2024,0.6762,5876061279.10313,524877,11195.120531292341,1.2883018307146246
Cambodia,KH,KHM,2020,18.6332,99390356590.6425,16725474,5942.453803739284,1.1140611022443967
Cambodia,KH,KHM,2021,18.4826,105674090069.142,16974305,6225.532654747396,1.088857540853661
Cambodia,KH,KHM,2022,18.3849,119015567874.169,17201724,6918.816269472119,1.0687824080888637
Cambodia,KH,KHM,2023,18.9162,129472162766.379,17423880,7430.730857098361,1.0856479727821817
Cambodia,KH,KHM,2024,19.4392,140526096687.068,17638801,7966.8735242870525,1.1020703731506467
Cameroon,CM,CMR,2020,10.388,114420802871.501,26210558,4365.447041283936,0.3963288381727699
Cameroon,CM,CMR,2021,10.3491,129022200845.744,26915758,4793.556282001941,0.38449966744388175
Cameroon,CM,CMR,2022,10.4339,143385827220.975,27632771,5188.9775086608215,0.3775915198660315
Cameroon,CM,CMR,2023,10.3329,153518061490.602,28372687,5410.769219376437,0.3641847527518278
Cameroon,CM,CMR,2024,10.2929,162772210840.299,29123744,5588.986458619434,0.35341953287324596
Canada,CA,CAN,2020,548.4454,1847837502049.2,38028638,48590.68321219392,14.421904881263432
Canada,CA,CAN,2021,561.7344,2179485548675.88,38239864,56995.117678135044,14.689759356884743
Canada,CA,CAN,2022,575.8352,2489723452361.1,38935934,63944.1050100686,14.789299776396785
Canada,CA,CAN,2023,567.0969,2574133981207.77,40083484,64219.3173928636,14.147894429536116
Canada,CA,CAN,2024,577.97260000000006,2667672051123.37,41288599,64610.37951719723,13.998358239280533
Cayman Islands,KY,CYM,2020,0.3319,4541293637.23615,68684,66118.65408590283,4.832275347970415
Cayman Islands,KY,CYM,2021,0.3141,5199243731.07254,70108,74160.49140001912,4.480230501511953
Cayman Islands,KY,CYM,2022,0.3582,5891623016.00761,71591,82295.58207047828,5.003422217876548
Cayman Islands,KY,CYM,2023,0.3594,6458588682.89615,73038,88427.78667126906,4.920726197321942
Central African Republic,CF,CAF,2020,0.3184,5359843442.72162,5026628,1066.2900542315085,0.0633426623175616
Central African Republic,CF,CAF,2021,0.3227,5769272621.61696,5112100,1128.552379964586,0.06312474325619609
Central African Republic,CF,CAF,2022,0.3225,6208645630.79717,5098039,1217.8497714115506,0.06325961806098385
Central African Republic,CF,CAF,2023,0.3325,6477079364.87011,5152421,1257.0943571711452,0.06453277012883846
Central African Republic,CF,CAF,2024,0.3374,6733207024.20623,5330690,1263.1023421369898,0.0632938700243308
Chad,TD,TCD,2020,2.4133,37652981933.4921,17224679,2185.990341735373,0.14010711026893446
Chad,TD,TCD,2021,2.7311,43413141699.6577,17828273,2435.0727465109885,0.15318926291963333
Chad,TD,TCD,2022,2.865,48428925012.9731,18455316,2624.1178971399404,0.1552398235825385
Chad,TD,TCD,2023,2.9088,52168438353.4137,19319064,2700.3605533587806,0.1505663007276129
Chad,TD,TCD,2024,2.8928,55673582980.8728,20299123,2742.659521836131,0.1425086197073637
Chile,CL,CHL,2020,87.5108,491062045094.545,19370624,25350.863508297152,4.517706812129542
Chile,CL,CHL,2021,89.1084,565981846554.521,19456334,29089.85045972797,4.579917264989386
Chile,CL,CHL,2022,90.4279,604814530813.34,19553036,30932.00108736771,4.62474983424569
Chile,CL,CHL,2023,77.0074,651600019437.673,19658835,33145.40355202498,3.917190413368849
Chile,CL,CHL,2024,77.8226,715112275049.686,19764771,36181.156616977045,3.9374400037318926
China,CN,CHN,2020,11964.1285,25777238693451.8,1411100000,18267.47834558274,8.478583020338743
China,CN,CHN,2021,12551.8645,29438240129870.1,1412360000,20843.297834737674,8.887156603132345
China,CN,CHN,2022,12518.6844,32525464028395.1,1412175000,23032.176627114277,8.864825110202348
China,CN,CHN,2023,13021.242,35520435397067.7,1410710000,25179.11930663829,9.230275535014284
China,CN,CHN,2024,13124.728,38190084585497.8,1408975000,27104.870267746268,9.315089337993932
Colombia,CO,COL,2020,84.3026,785737564322.414,50629997,15519.210169465623,1.6650721903064698
Colombia,CO,COL,2021,92.1683,889808627041.398,51188173,17383.090172829532,1.8005780358677774
Colombia,CO,COL,2022,88.3446,1078943239346.48,51737944,20854.002999162083,1.7075398280225438
Colombia,CO,COL,2023,92.7973,1111634882246.75,52321152,21246.37626952002,1.7736096483502504
Colombia,CO,COL,2024,95.0793,1181980408417.77,52886363,22349.436440122947,1.7978037173779562
Comoros,KM,COM,2020,0.2687,2602928089.78732,802163,3244.88674968469,0.3349693266829809
Comoros,KM,COM,2021,0.3972,2763697833.20972,818174,3377.8851848258687,0.4854713056146981
Comoros,KM,COM,2022,0.4298,3037803382.34588,834188,3641.6292039035325,0.5152315784930975
Comoros,KM,COM,2023,0.4383,3241378330.37901,850387,3811.6508488241357,0.5154123945921092
Comoros,KM,COM,2024,0.4463,3430574919.59549,866628,3958.5322878968714,0.5149845146937325
"Congo, Dem. Rep.",CD,COD,2020,4.6314,104512854274.501,95989998,1088.7890035636942,0.0482487769194453
"Congo, Dem. Rep.",CD,COD,2021,4.6277,139045034784.888,99148932,1402.3856029522133,0.04667422943093325
"Congo, Dem. Rep.",CD,COD,2022,6.2475,162827976543.449,102396968,1590.164042195556,0.06101254873093508
"Congo, Dem. Rep.",CD,COD,2023,6.1404,183082066392.317,105789731,1730.6222887769418,0.058043440908267366
"Congo, Dem. Rep.",CD,COD,2024,6.2096,198997398918.247,109276265,1821.0486871805786,0.05682478258201815
"Congo, Rep.",CG,COG,2020,7.403,27446361623.0188,5752791,4770.96449758366,1.2868536333059901
"Congo, Rep.",CG,COG,2021,7.108,36903988991.0873,5892183,6263.211612926364,1.206344066367253
"Congo, Rep.",CG,COG,2022,8.3582,40118334632.1584,6035104,6647.496817313902,1.3849305662338214
"Congo, Rep.",CG,COG,2023,7.8674,42354479275.5663,6182885,6850.2777062109835,1.2724480562067708
"Congo, Rep.",CG,COG,2024,8.4568,44497677992.2899,6332961,7026.362232814935,1.335362715797555
Costa Rica,CR,CRI,2020,7.1754,111257806527.03,5034320,22099.867812739358,1.42529676301864
Costa Rica,CR,CRI,2021,8.0531,120695515793.017,5059988,23852.925302000123,1.5915255134992417
Costa Rica,CR,CRI,2022,8.1977,133275768822.727,5081765,26226.27548159488,1.6131599946081723
Costa Rica,CR,CRI,2023,8.0978,147594442207.058,5105525,28908.7688743191,1.5860856621013508
Costa Rica,CR,CRI,2024,8.3763,159574901535.81,5129910,31106.764355672905,1.6328356637835753
Cote d'Ivoire,CI,CIV,2020,13.2881,160302939789.704,28915449,5543.850963189401,0.4595501871681121
Cote d'Ivoire,CI,CIV,2021,17.2006,179178274483.428,29639736,6045.204804908789,0.5803223078640106
Cote d'Ivoire,CI,CIV,2022,18.4103,204237508213.331,30395002,6719.443815576356,0.6057015558018387
Cote d'Ivoire,CI,CIV,2023,17.925,225551501028.241,31165654,7237.181707409092,0.5751523776783249
Cote d'Ivoire,CI,CIV,2024,18.811,244911017243.198,31934230,7669.231957156881,0.5890544409556767
Croatia,HR,HRV,2020,17.1915,123665468172.632,3914206,31594.011192214206,4.392078495613159
Croatia,HR,HRV,2021,17.5067,143251870713.671,3878981,36930.28419414042,4.513221384688402
Croatia,HR,HRV,2022,17.6346,162419157403.47,3855641,42125.072693093054,4.573714202126183
Croatia,HR,HRV,2023,18.6644,184337438890.935,3859686,47759.69829953395,4.83573016043274
Croatia,HR,HRV,2024,18.6796,191573272612.656,3866200,49550.79215060163,4.831514148259273
Cyprus,CY,CYP,2020,6.8024,38671986003.8933,1302247,29696.352538261406,5.223586616056708
Cyprus,CY,CYP,2021,6.9192,43923129044.8892,1317309,33343.07216066177,5.252526172674748
Cyprus,CY,CYP,2022,7.2231,52491420423.3057,1331370,39426.6210169267,5.425313774533
Cyprus,CY,CYP,2023,7.2032,57343371563.2863,1344976,42635.23777620292,5.355634598684289
Cyprus,CY,CYP,2024,7.3411,61312679637.1462,1358282,45139.87495759069,5.404695048598156
Czechia,CZ,CZE,2020,94.8596,479686413475.523,10697858,44839.48220994549,8.867158266636181
Czechia,CZ,CZE,2021,99.5152,502134232985.641,10505772,47796.03374084656,9.472430964616404
Czechia,CZ,CZE,2022,97.6888,565056269805.88,10672118,52946.966085446205,9.153646914323849
Czechia,CZ,CZE,2023,85.6093,605793972441.702,10864042,55761.37982913745,7.88005974203708
Czechia,CZ,CZE,2024,77.7492,624699149441.868,10905028,57285.42370013796,7.1296653250225495
Denmark,DK,DNK,2020,27.7879,365525756328.655,5831404,62682.289947438905,4.765216061174976
Denmark,DK,DNK,2021,29.5641,408303200976.802,5856733,69715.18096809296,5.047882496948384
Denmark,DK,DNK,2022,28.4942,465830216364.398,5903037,78913.6534913127,4.827040724969198
Denmark,DK,DNK,2023,26.2104,463221729193.033,5946952,77892.29326099034,4.407367000776196
Denmark,DK,DNK,2024,25.5708,489385555478.976,5976992,81878.23498491816,4.278205491993297
Djibouti,DJ,DJI,2020,0.7459,6108376123.1385,1105188,5527.001852298885,0.6749077984922023
Djibouti,DJ,DJI,2021,0.8197,6682759257.72075,1121248,5960.1080739682475,0.7310603898513085
Djibouti,DJ,DJI,2022,0.8668,7529088292.28275,1137096,6621.330382204097,0.762292717589368
Djibouti,DJ,DJI,2023,0.88,8330987484.49825,1152944,7225.838795724901,0.7632634369058688
Djibouti,DJ,DJI,2024,0.8947,9128044531.91479,1168722,7810.278690667917,0.7655370567166528
Dominica,DM,DMA,2020,0.0771,962493750.735115,67573,14243.762312389787,1.1409882645435308
Dominica,DM,DMA,2021,0.0764,1062394694.29521,67202,15808.974350394483,1.136870926460522
Dominica,DM,DMA,2022,0.0812,1256467931.15199,66826,18802.081991320592,1.215095920749409
Dominica,DM,DMA,2023,0.0814,1349220673.88532,66510,20285.98216637077,1.2238761088558112
Dominica,DM,DMA,2024,0.0843,1410211841.8057,66205,21300.684869808927,1.2733177252473378
Dominican Republic,DO,DOM,2020,26.926,209139062581.87,11008300,18998.306966731467,2.4459725843227385
Dominican Republic,DO,DOM,2021,29.6681,245311121758.829,11123476,22053.458986995523,2.667160876689984
Dominican Republic,DO,DOM,2022,32.1128,276565908801.115,11230734,24625.808856403775,2.85936787390744
Dominican Republic,DO,DOM,2023,32.7889,292799158645.68,11331265,25839.935668760725,2.893666329399233
Dominican Republic,DO,DOM,2024,34.2225,314733918417.351,11427557,27541.662528338384,2.9947345701272807
Ecuador,EC,ECU,2020,36.5986,202250004868.163,17546065,11526.801300927758,2.0858579972204594
Ecuador,EC,ECU,2021,41.1607,238844767157.606,17682454,13507.444563837462,2.327770794709829
Ecuador,EC,ECU,2022,44.1693,270888879826.819,17823897,15198.072555447274,2.4780944369236426
Ecuador,EC,ECU,2023,46.7901,286216244218.746,17980083,15918.51629487728,2.602329477566928
Ecuador,EC,ECU,2024,47.9638,287270811094.559,18135478,15840.266856741191,2.644749700007907
"Egypt, Arab Rep.",EG,EGY,2020,246.184,1665073256894.19,109315124,15231.86541776406,2.2520580043434797
"Egypt, Arab Rep.",EG,EGY,2021,261.6313,1728601012503.64,110957008,15579.016086155098,2.3579520096648605
"Egypt, Arab Rep.",EG,EGY,2022,258.9936,1973837735890.74,112618250,17526.801703016517,2.299748042612987
"Egypt, Arab Rep.",EG,EGY,2023,275.8365,2121756770377.81,114535772,18524.839299793693,2.4083000025529144
"Egypt, Arab Rep.",EG,EGY,2024,291.6386,2225198389821.18,116538258,19094.14494441113,2.5025138096709836
El Salvador,SV,SLV,2020,6.6535,58560345367.2006,6234673,9392.689138179436,1.0671770596469132
El Salvador,SV,SLV,2021,7.532,67623210509.8633,6255782,10809.713399517965,1.2040061498306687
El Salvador,SV,SLV,2022,8.4658,74584847418.3675,6280319,11875.964806623277,1.3479888521586245
El Salvador,SV,SLV,2023,9.2365,80003362561.6454,6309624,12679.576875206098,1.4638748679794549
El Salvador,SV,SLV,2024,9.5434,84069963659.7839,6338193,13264.027090968026,1.5056972862770193
Equatorial Guinea,GQ,GNQ,2020,4.9101,23476322655.934,1716468,13677.110587516923,2.8605834772334817
Equatorial Guinea,GQ,GNQ,2021,5.0308,29585328380.1352,1758786,16821.44864704131,2.8603821044743363
Equatorial Guinea,GQ,GNQ,2022,5.0888,32716287050.0915,1803545,18139.989326627005,2.8215542168340684
Equatorial Guinea,GQ,GNQ,2023,4.7651,32168599846.5359,1847549,17411.500234383988,2.579146750640984
Equatorial Guinea,GQ,GNQ,2024,4.8269,33245374421.9212,1892516,17566.76002840726,2.5505200484434476
Estonia,EE,EST,2020,12.1329,54074496993.4123,1329522,40672.134040213175,9.125760987783579
Estonia,EE,EST,2021,12.9256,58895787305.748,1330932,44251.53749834552,9.711690755049844
Estonia,EE,EST,2022,15.0182,65037763258.6335,1348840,48217.55231060281,11.13415972242816
Estonia,EE,EST,2023,11.4741,66646847136.1481,1370286,48637.18022087951,8.373507428376266
Estonia,EE,EST,2024,10.6485,68574110586.1851,1372341,49968.71082783732,7.759368844915367
Eswatini,SZ,SWZ,2020,0.9606,11127332067.0674,1192729,9329.304533609395,0.8053799312333313
Eswatini,SZ,SWZ,2021,0.9892,12054388840.8388,1206593,9990.434919512049,0.8198290558622502
Eswatini,SZ,SWZ,2022,1.0765,12963660617.0597,1218917,10635.392415611317,0.8831610355750228
Eswatini,SZ,SWZ,2023,1.0784,13904573982.9855,1230506,11299.883123678796,0.876387437363166
Eswatini,SZ,SWZ,2024,1.0941,14664308920.8823,1242822,11799.202879320046,0.8803352370653239
Ethiopia,ET,ETH,2020,18.0158,286209788226.356,118917671,2406.78938478669,0.15149808980029553
Ethiopia,ET,ETH,2021,19.0941,316145121458.38,122138588,2588.4131021588364,0.1563314290157014
Ethiopia,ET,ETH,2022,18.3349,356708609996.737,125384287,2844.9227453575345,0.14622964678181724
Ethiopia,ET,ETH,2023,19.0165,393913047366.849,128691692,3060.9050300375957,0.14776789165224435
Ethiopia,ET,ETH,2024,19.3648,434151095749.397,132059767,3287.534921588927,0.14663663612249142
Faroe Islands,FO,FRO,2020,0.0021,3240676994.6779,52565,61650.851225680584,0.03995053742984876
Faroe Islands,FO,FRO,2021,0.0021,3646874430.17944,53296,68426.79432188983,0.03940258180726509
Faroe Islands,FO,FRO,2022,0.0021,4057722183.14699,53912,75265.65853885944,0.03895236682000297
Faroe Islands,FO,FRO,2023,0.0021,4336519909.68872,54414,79694.929791758,0.038593009152056455
Faroe Islands,FO,FRO,2024,0.0021,4478853899.57865,54681,81908.77817850169,0.03840456465682778
Fiji,FJ,FJI,2020,1.0743,9805010161.85803,914963,10716.291436766329,1.1741458397771276
Fiji,FJ,FJI,2021,1.3427,9462683261.20136,916711,10322.427963885413,1.4646927984937457
Fiji,FJ,FJI,2022,1.4343,11936204371.3733,919422,12982.291451991905,1.5600018272349367
Fiji,FJ,FJI,2023,1.4378,13533343300.6224,924145,14644.177375436106,1.5558164573741133
Fiji,FJ,FJI,2024,1.5067,14349990809.7,928784,15450.299326538787,1.6222286344295336
Finland,FI,FIN,2020,39.474,294705726881.034,5529543,53296.579279885154,7.138745462328442
Finland,FI,FIN,2021,39.3124,314676442275.461,5541017,56790.376617769085,7.094798662411612
Finland,FI,FIN,2022,37.1238,345218298184.76,5556106,62133.13752199112,6.681621984893737
Finland,FI,FIN,2023,32.8867,354103680818.336,5583911,63414.99368781773,5.889545875641642
Finland,FI,FIN,2024,31.1074,367420700448.97,5619911,65378.384185971976,5.535212212435392
France,FR,FRA,2020,287.0868,3345024904336.18,67601110,49481.804430965414,4.246776421274739
France,FR,FRA,2021,316.7044,3562923665911.39,67842811,52517.33549058559,4.668208692001279
France,FR,FRA,2022,307.6802,3889442223781.32,68184457,57042.94490137715,4.512468288777309
France,FR,FRA,2023,284.1541,4159697519910.85,68372286,60838.941671642366,4.155983610084355
France,FR,FRA,2024,274.4505,4288380142651.84,68551653,62556.918104539945,4.00355772602595
Gabon,GA,GAB,2020,5.5287,33623700958.86,2322539,14477.130829174452,2.380455182883904
Gabon,GA,GAB,2021,5.3647,44025399637.0671,2376722,18523.57980321935,2.2571844750879575
Gabon,GA,GAB,2022,5.5833,48596848106.4899,2430747,19992.557064346845,2.296948222089753
Gabon,GA,GAB,2023,5.1205,51573449028.293,2484789,20755.665381766015,2.060738356456021
Gabon,GA,GAB,2024,5.1985,54613295567.2531,2538952,21510.172530734373,2.047498337896896
"Gambia, The",GM,GMB,2020,0.422,6366827515.11477,2515733,2530.8041493730734,0.16774435124872156
"Gambia, The",GM,GMB,2021,0.4776,7155630814.36372,2576010,2777.7962097832383,0.1854030069759046
"Gambia, The",GM,GMB,2022,0.4949,8086871860.16496,2636470,3067.3104037462817,0.1877131164018555
"Gambia, The",GM,GMB,2023,0.4738,8873570561.292,2697845,3289.1328305710667,0.17562165357906032
"Gambia, The",GM,GMB,2024,0.4923,9592648674.00752,2759988,3475.6124570134075,0.17837034074061192
Georgia,GE,GEO,2020,11.5406,62509091761.2555,3722716,16791.259865446493,3.100048459243198
Georgia,GE,GEO,2021,12.3432,70150781357.7257,3708610,18915.65340052626,3.3282550605213275
Georgia,GE,GEO,2022,13.463,83387742354.0657,3712502,22461.332641454657,3.6263953527836486
Georgia,GE,GEO,2023,13.5563,93154469864.0276,3715483,25071.967726410698,3.648596965724241
Georgia,GE,GEO,2024,13.4674,104642240849.64,3699557,28285.073280298155,3.6402736868225034
Germany,DE,DEU,2020,642.0878,4880368289108.08,83160871,58685.872699771026,7.721032647673928
Germany,DE,DEU,2021,670.667,5202314428956.09,83196078,62530.76531992397,8.061281446464339
Germany,DE,DEU,2022,658.0886,5743343845281.17,83177813,69048.98840368849,7.9118286026587406
Germany,DE,DEU,2023,589.6596,5970367475258.68,83287273,71684.03118755827,7.0798283910676245
Germany,DE,DEU,2024,579.9356,6142807000522.21,83516593,73551.93476968355,6.9439566338631655
Ghana,GH,GHA,2020,22.9458,192835182975.95,31887809,6047.301116735553,0.7195790717386698
Ghana,GH,GHA,2021,24.4916,214867175690.96,32518665,6607.50297378321,0.7531551495118265
Ghana,GH,GHA,2022,23.7878,238944324844.797,33149152,7208.157989827221,0.7175990504975813
Ghana,GH,GHA,2023,23.2246,255315535798.758,33787914,7556.416054532339,0.6873641267111074
Ghana,GH,GHA,2024,24.171,276107757820.439,34427414,8019.997023896103,0.702085843566409
Greece,GR,GRC,2020,52.3606,315962662965.275,10698599,29533.08774029899,4.894154832796332
Greece,GR,GRC,2021,53.7151,354397719330.584,10569207,33531.155112259985,5.082226131061677
Greece,GR,GRC,2022,55.1164,413430368668.636,10436882,39612.44063779163,5.280925855059011
Greece,GR,GRC,2023,51.2379,444503225258.869,10407351,42710.50580103131,4.92324127436463
Greece,GR,GRC,2024,52.5087,461230557615.621,10405134,44327.20978082752,5.04642227577271
Greenland,GL,GRL,2020,0.5275,3663823635.61473,56367,64999.44356830645,9.358312487803147
Greenland,GL,GRL,2021,0.5484,3926166709.012,56653,69302.00887882372,9.679981642631459
Greenland,GL,GRL,2022,0.5904,4290395274.14051,56661,75720.42982193237,10.41986551596336
Greenland,GL,GRL,2023,0.5849,4483270596.14879,56865,78840.59783959888,10.285764530027258
Grenada,GD,GRD,2020,0.1536,1670787843.20161,116341,14361.1267154452,1.3202568312116967
Grenada,GD,GRD,2021,0.1608,1784188797.38537,116688,15290.250903138027,1.3780337309749076
Grenada,GD,GRD,2022,0.1694,2051119516.08062,116913,17543.98155962656,1.4489406652810208
Grenada,GD,GRD,2023,0.1699,2221113229.21773,117081,18970.740164652932,1.451132122205994
Grenada,GD,GRD,2024,0.1759,2364980517.21541,117207,20177.809492738575,1.5007636062692502
Guatemala,GT,GTM,2020,17.6187,190017078585.484,17357325,10947.371129219739,1.0150584839541807
Guatemala,GT,GTM,2021,20.2047,208106522477.527,17598650,11825.141273764011,1.1480823813190217
Guatemala,GT,GTM,2022,18.9518,232272545795.886,17847877,13014.015380982622,1.061851782147535
Guatemala,GT,GTM,2023,20.1279,249132479876.926,18124838,13745.363124179426,1.1105147532904847
Guatemala,GT,GTM,2024,20.3694,264474724767.092,18406359,14368.660568181464,1.1066501528086028
Guinea,GN,GIN,2020,5.3934,44550864730.0015,13371183,3331.856630038008,0.40335997196358764
Guinea,GN,GIN,2021,5.0777,51260936277.8168,13710513,3738.805125513305,0.3703508395345966
Guinea,GN,GIN,2022,5.2208,57097045519.8568,14055137,4062.3613643792155,0.3714513775283727
Guinea,GN,GIN,2023,5.0264,62429641817.0929,14405468,4333.746173126267,0.3489230617151765
Guinea,GN,GIN,2024,5.2054,67360031599.7472,14754785,4565.300788845599,0.352794025802477
Guinea-Bissau,GW,GNB,2020,0.3363,4710600499.14601,2013255,2339.7932696782127,0.16704292302763435
Guinea-Bissau,GW,GNB,2021,0.336,5193977456.93366,2058841,2522.767643025207,0.16319861514318007
Guinea-Bissau,GW,GNB,2022,0.3439,5871978736.55807,2105529,2788.837739379543,0.1633318752674506
Guinea-Bissau,GW,GNB,2023,0.3293,6437778089.58964,2153339,2989.6723598047683,0.15292529415944262
Guinea-Bissau,GW,GNB,2024,0.3422,6866834845.4069,2201352,3119.371570474372,0.15544992350155723
Guyana,GY,GUY,2020,3.3298,13581364399.677,807481,16819.42287146942,4.123688359230743
Guyana,GY,GUY,2021,3.3211,18646751960.8246,815482,22865.92709688822,4.072560767742268
Guyana,GY,GUY,2022,3.684,32628001896.9885,821637,39710.9695607531,4.483731866992358
Guyana,GY,GUY,2023,3.7405,45225503511.8058,826353,54729.03651563654,4.526515907850519
Guyana,GY,GUY,2024,3.7886,66615811223.819,831087,80155.03939276995,4.558608184221387
Haiti,HT,HTI,2020,3.4445,34891691692.7124,11243848,3103.1806631246172,0.3063453010037133
Haiti,HT,HTI,2021,3.4083,35773150437.4447,11374586,3145.0068105726837,0.29964167487062826
Haiti,HT,HTI,2022,3.3893,37678993702.8253,11503606,3275.4071812634493,0.2946293536131192
Haiti,HT,HTI,2023,3.3805,38307267299.3131,11637398,3291.7381788706634,0.2904858972770374
Haiti,HT,HTI,2024,3.5138,37597678174.3023,11772557,3193.671364199154,0.2984738149919342
Honduras,HN,HND,2020,9.222,54491208505.2883,10119640,5384.69831983038,0.9112972398227605
Honduras,HN,HND,2021,10.3706,63827909343.1217,10289877,6202.980788120372,1.0078448945502458
Honduras,HN,HND,2022,10.5707,71211813748.7635,10463872,6805.493582945539,1.010209222742786
Honduras,HN,HND,2023,11.8491,76412349804.3719,10644851,7178.339067815219,1.1131297187720148
Honduras,HN,HND,2024,12.2928,81041415057.1236,10825703,7486.018696164452,1.1355197902621197
"Hong Kong SAR, China",HK,HKG,2020,34.0619,435300511002.663,7481000,58187.476407253445,4.553121240475872
"Hong Kong SAR, China",HK,HKG,2021,34.5373,488411631115.747,7413100,65884.93762606021,4.658955093011021
"Hong Kong SAR, China",HK,HKG,2022,32.1322,503958076266.267,7346100,68602.12579004737,4.374048815017492
"Hong Kong SAR, China",HK,HKG,2023,34.1194,538923989892.09,7536100,71512.31935511605,4.527461153647112
"Hong Kong SAR, China",HK,HKG,2024,34.6162,565782122754.95,7524100,75195.98659706143,4.6007097194348825
Hungary,HU,HUN,2020,49.6521,344108181960.693,9670419,35583.58556756362,5.134431093420047
Hungary,HU,HUN,2021,50.986,374519891736.617,9630932,38887.19095271538,5.293984009024256
Hungary,HU,HUN,2022,47.5733,426137856434.674,9605074,44365.91081283434,4.952934251209308
Hungary,HU,HUN,2023,42.9776,446922828926.137,9592186,46592.38560700731,4.480480257576323
Hungary,HU,HUN,2024,42.6269,464261881788.679,9562065,48552.47080925292,4.457917824235665
Iceland,IS,ISL,2020,3.0717,20447442733.9865,366463,55796.74546676336,8.382019467176768
Iceland,IS,ISL,2021,3.1637,22951036648.8571,372520,61610.213274071466,8.492698378610545
Iceland,IS,ISL,2022,3.2394,28777375781.3706,382003,75332.85283458665,8.480038114883914
Iceland,IS,ISL,2023,3.22,31473358846.9482,385663,81608.44791164358,8.349258290268965
Iceland,IS,ISL,2024,3.293,32565776310.3235,386506,84256.84545731115,8.519919483785504
India,IN,IND,2020,2356.959,9771021183358.88,1402617695,6966.275427859108,1.6804001606439165
India,IN,IND,2021,2597.9343,11384367630967.9,1414203896,8050.018574526612,1.8370295169940616
India,IN,IND,2022,2807.0805,13124053155136.1,1425423212,9207.12743040142,1.9692961896287684
India,IN,IND,2023,3014.5226,14845911292307.9,1438069596,10323.499873442774,2.096228588925678
India,IN,IND,2024,3153.8291,16192422603162.4,1450935791,11159.98564760913,2.173651735357874
Indonesia,ID,IDN,2020,596.2839,3223404542894.6,274814866,11729.367445844797,2.169765808811813
Indonesia,ID,IDN,2021,622.6868,3530623140454.75,276758053,12757.074644020386,2.249932001075322
Indonesia,ID,IDN,2022,722.6996,3983074391531.86,278830529,14284.929293132962,2.591895523750199
Indonesia,ID,IDN,2023,772.5618,4334743944551.08,281190067,15415.707925952733,2.747471872824014
Indonesia,ID,IDN,2024,812.2042,4662887595103.26,283487931,16448.27551795586,2.8650397818875755
"Iran, Islamic Rep.",IR,IRN,2020,735.8709,1326317568089.77,87723443,15119.305885996404,8.38853190019001
"Iran, Islamic Rep.",IR,IRN,2021,784.2646,1405064801822.49,88455488,15884.42767759633,8.866206243755052
"Iran, Islamic Rep.",IR,IRN,2022,792.0589,1570758818548.97,89524246,17545.62466294293,8.847423300275548
"Iran, Islamic Rep.",IR,IRN,2023,816.133,1714053198507.03,90608707,18917.091472313252,9.007224879613391
"Iran, Islamic Rep.",IR,IRN,2024,828.9896,1819806794107.97,91567738,19873.88608538053,9.053293420877122
Iraq,IQ,IRQ,2020,183.8743,445338053116.048,42116605,10573.930475071482,4.365838604512401
Iraq,IQ,IRQ,2021,199.7098,548372044650.92,43071211,12731.753575512887,4.6367351965097985
Iraq,IQ,IRQ,2022,222.2784,634224994897.802,44070551,14391.129234980566,5.043694597782542
Iraq,IQ,IRQ,2023,232.976,660448460341.748,45074049,14652.521239921181,5.168739111944436
Iraq,IQ,IRQ,2024,238.6704,665966378219.474,46042015,14464.318692817289,5.183752274960164
Ireland,IE,IRL,2020,34.2933,492886866396.886,5039747,97799.9225748606,6.804567768977292
Ireland,IE,IRL,2021,36.3826,597445848156.993,5110585,116903.61243516995,7.119067582282654
Ireland,IE,IRL,2022,35.6861,722095167599.544,5212836,138522.51780020396,6.845812912587314
Ireland,IE,IRL,2023,32.8629,688814095819.044,5311538,129682.60715051723,6.187078017704101
Ireland,IE,IRL,2024,32.5693,720000566882.709,5395790,133437.47011701882,6.036057741313135
Israel,IL,ISR,2020,61.3925,377407052497.651,9215100,40955.28561791527,6.66216318867945
Israel,IL,ISR,2021,60.972,432603337813.424,9371400,46162.08227302474,6.506178372495038
Israel,IL,ISR,2022,63.6364,512464243361.062,9557500,53619.068099509495,6.6582683756212395
Israel,IL,ISR,2023,60.4805,543381462800.225,9849000,55171.231881432126,6.140775713270383
Israel,IL,ISR,2024,57.6654,570892527370.231,9974400,57235.77632441359,5.781340230991338
Italy,IT,ITA,2020,295.2134,2641203589480.81,59438851,44435.64343935266,4.966674069793172
Italy,IT,ITA,2021,330.3484,2946333608376.65,59133173,49825.393411184785,5.586515710902238
Italy,IT,ITA,2022,331.006,3379175362343.35,59013667,57260.89453724931,5.608971901373287
Italy,IT,ITA,2023,304.3081,3540814919536.37,58984216,60029.871712397944,5.159144609127296
Italy,IT,ITA,2024,299.2285,3655908756610.36,58952704,62014.26751536893,5.0757383410267325
Jamaica,JM,JAM,2020,5.9229,27640333680.5414,2830739,9764.352587978405,2.0923511492935236
Jamaica,JM,JAM,2021,6.4724,29598984033.4944,2837682,10430.690977175878,2.280875728851929
Jamaica,JM,JAM,2022,7.5151,33751091917.725,2839144,11887.770369422966,2.646959787879727
Jamaica,JM,JAM,2023,7.7039,35925863745.7532,2839786,12650.905295593822,2.712845263692405
Jamaica,JM,JAM,2024,8.074,36597720985.1639,2839175,12890.266005147236,2.8437838456593907
Japan,JP,JPN,2020,1060.2269,5356710635860.81,126261000,42425.694678965076,8.39710520271501
Japan,JP,JPN,2021,1080.206,5574650884739.54,125681593,44355.348716335415,8.594782849386704
Japan,JP,JPN,2022,1050.5032,5904904744687.14,125124989,47192.050060337184,8.395630708107396
Japan,JP,JPN,2023,1002.4382,6308233428525.37,124516650,50661.76634631088,8.050635798505661
Japan,JP,JPN,2024,972.267,6451575612481.29,123975371,52039.17165516117,7.842420572389334
Jordan,JO,JOR,2020,20.948,104080200892.953,10865228,9579.200813176953,1.9279853124112996
Jordan,JO,JOR,2021,21.7432,101616771489.092,11066356,9182.496161255973,1.9648021444457417
Jordan,JO,JOR,2022,23.338,111743557894.989,11256263,9927.23410025059,2.0733346404574946
Jordan,JO,JOR,2023,24.0408,119103273959.643,11439213,10411.8416152967,2.10161310922351
Jordan,JO,JOR,2024,24.144,125019343386.99,11552876,10821.490976531732,2.0898692239058048
Kazakhstan,KZ,KAZ,2020,225.4957,565757228613.755,19482117,29039.822962450897,11.574496755152431
Kazakhstan,KZ,KAZ,2021,241.9078,650469813945.991,19743603,32945.851572582316,12.252464760358077
Kazakhstan,KZ,KAZ,2022,246.5276,719143972705.045,20034609,35895.08398716666,12.305086662784385
Kazakhstan,KZ,KAZ,2023,255.4342,783017688187.383,20330104,38515.18360099796,12.564333168192352
Kazakhstan,KZ,KAZ,2024,258.8037,842049415718.366,20592571,40890.93176944083,12.567818753666067
Kenya,KE,KEN,2020,19.1646,250255393335.358,52217334,4792.5731584718205,0.36701605639230833
Kenya,KE,KEN,2021,21.5155,284129273925.386,53219166,5338.852433827806,0.40428104416367594
Kenya,KE,KEN,2022,21.9726,319179328511.243,54252461,5883.223039619216,0.4050065120548172
Kenya,KE,KEN,2023,21.2679,349578642753.732,55339003,6317.0390466509125,0.38432025961869964
Kenya,KE,KEN,2024,21.6387,374947868838.995,56432944,6644.1309324389495,0.38344092060835955
Kiribati,KI,KIR,2020,0.0737,341842564.466707,126099,2710.9062281755364,0.5844614152372343
Kiribati,KI,KIR,2021,0.0805,387761958.155447,128377,3020.4939993569487,0.6270593642163316
Kiribati,KI,KIR,2022,0.0758,434376227.301959,130469,3329.3443446486062,0.5809809226712859
Kiribati,KI,KIR,2023,0.076,461941012.755097,132530,3485.558083113989,0.5734550667773335
Kiribati,KI,KIR,2024,0.0797,498029481.742737,134518,3702.3259470311555,0.5924857639869757
"Korea, Rep.",KR,KOR,2020,617.3408,2481996469956.38,51836239,47881.49213441932,11.909444278933893
"Korea, Rep.",KR,KOR,2021,638.7702,2677430056971.27,51769539,51718.25186566313,12.33872683316728
"Korea, Rep.",KR,KOR,2022,613.5467,2868310039875.42,51672569,55509.336876117384,11.87374097850641
"Korea, Rep.",KR,KOR,2023,590.365,2969845527350.41,51712619,57429.80310764013,11.416265728100138
"Korea, Rep.",KR,KOR,2024,588.0089,3159472343387.38,51751065,61051.34925024983,11.362256989300606
Kuwait,KW,KWT,2020,92.9479,182442653963.014,4400267,41461.7235642778,21.123240930607164
Kuwait,KW,KWT,2021,99.8995,220886348790.238,4360865,50651.95753370903,22.908184500093444
Kuwait,KW,KWT,2022,102.6178,252627730038.047,4589643,55043.00226358499,22.35855817108215
Kuwait,KW,KWT,2023,110.1591,257354881877.274,4853420,53025.4710858063,22.69721145089442
Kuwait,KW,KWT,2024,115.9313,256830086794.8,4897263,52443.59692236255,23.67267185772951
Kyrgyz Republic,KG,KGZ,2020,9.3085,34834094213.2461,6726596,5178.561967040402,1.3838351522820755
Kyrgyz Republic,KG,KGZ,2021,10.515,39301901464.0311,6851224,5736.478834151547,1.5347622556203095
Kyrgyz Republic,KG,KGZ,2022,10.5011,45879594489.2342,6975220,6577.512177283899,1.505486565298299
Kyrgyz Republic,KG,KGZ,2023,10.2304,51814586970.3659,7099750,7298.086125619338,1.4409521462023311
Kyrgyz Republic,KG,KGZ,2024,10.745,57864889798.0022,7221868,8012.454644421941,1.4878422037068526
Lao PDR,LA,LAO,2020,19.4378,58135955846.4305,7346533,7913.386606502754,2.645846687138001
Lao PDR,LA,LAO,2021,23.8166,60225053628.2101,7453194,8080.435532499234,3.1954890748852103
Lao PDR,LA,LAO,2022,24.0315,66265586057.857,7559007,8766.440626110943,3.1791874250149523
Lao PDR,LA,LAO,2023,25.7437,71221494499.9171,7664993,9291.78859001138,3.3586071115785754
Lao PDR,LA,LAO,2024,26.0627,75956415485.6061,7769819,9775.828173810238,3.3543509829508253
Latvia,LV,LVA,2020,7.2771,62223400359.4028,1900449,32741.42076919865,3.829147743506929
Latvia,LV,LVA,2021,7.5304,69560319491.8466,1884490,36912.01306021608,3.9959883045280153
Latvia,LV,LVA,2022,6.9268,76225424469.6375,1879383,40558.74958411218,3.6856776931578077
Latvia,LV,LVA,2023,6.9004,80201601896.8545,1883710,42576.40607994569,3.6631965642269777
Latvia,LV,LVA,2024,6.8072,80979094834.5308,1866124,43394.27328223141,3.6477747459439995
Lebanon,LB,LBN,2020,21.8207,92719310020.9046,5702398,16259.705131228056,3.826583132219112
Lebanon,LB,LBN,2021,16.715,66328931529.5091,5718122,11599.775508376544,2.9231625348322403
Lebanon,LB,LBN,2022,10.435,70616088355.3971,5744489,12292.840730550115,1.816523628124277
Lebanon,LB,LBN,2023,10.8188,72600709791.5249,5773493,12574.832911640302,1.8738742733385145
Lesotho,LS,LSO,2020,0.7032,5721443959.41194,2235727,2559.097760778458,0.31452856274491475
Lesotho,LS,LSO,2021,0.7644,5755132494.46552,2261542,2544.782495512142,0.33799947115729
Lesotho,LS,LSO,2022,0.9811,6312660804.56615,2286110,2761.3110500221555,0.42915695220264993
Lesotho,LS,LSO,2023,0.9915,6659272926.51044,2311472,2880.966296156925,0.42894744128416873
Lesotho,LS,LSO,2024,1.0006,7014987702.30223,2337423,3001.16311951334,0.4280782725249131
Liberia,LR,LBR,2020,0.8348,8545642458.19242,5149463,1659.5210914599095,0.16211399130355922
Liberia,LR,LBR,2021,0.8408,8095196890.78495,5259323,1539.20892304674,0.15986848497420675
Liberia,LR,LBR,2022,0.8686,9089317746.92568,5373294,1691.5727572185108,0.16165130737309366
Liberia,LR,LBR,2023,0.8395,9857427644.16015,5493031,1794.5334086336215,0.1528300131566707
Liberia,LR,LBR,2024,0.8671,10501827916.9368,5612817,1871.0440616426297,0.1544857065534116
Libya,LY,LBY,2020,45.7025,77180930238.7107,7045399,10954.79904526496,6.486857593161154
Libya,LY,LBY,2021,58.3609,90199384483.2022,7135175,12641.509771407456,8.179322861737798
Libya,LY,LBY,2022,58.1734,88610007105.7389,7223805,12266.389680471566,8.053013612632125
Libya,LY,LBY,2023,63.2042,101162038920.033,7305659,13847.079219004474,8.651402974050663
Libya,LY,LBY,2024,63.9534,105576741546.273,7381023,14303.80877369885,8.664571293166272
Lithuania,LT,LTU,2020,14.2541,115963490767.144,2810369,41262.72769417254,5.071967417801719
Lithuania,LT,LTU,2021,14.3318,128830296666.031,2808380,45873.527323948685,5.103226771305877
Lithuania,LT,LTU,2022,13.1703,144232378134.047,2831639,50936.00495474423,4.651122547754145
Lithuania,LT,LTU,2023,12.9794,150322440348.994,2871585,52348.24682152678,4.519942819035481
Lithuania,LT,LTU,2024,12.97,159681046350.603,2888278,55285.89919343048,4.490564966391739
Luxembourg,LU,LUX,2020,7.9929,76953191626.4398,630419,122066.73914720179,12.6787105084079
Luxembourg,LU,LUX,2021,8.3806,87543117438.5072,640064,136772.44375329217,13.09337816218378
Luxembourg,LU,LUX,2022,7.2657,95953334617.1929,653103,146919.1453984944,11.124891479598164
Luxembourg,LU,LUX,2023,6.9416,100303192312.789,666430,150508.21888688835,10.416097714688714
Luxembourg,LU,LUX,2024,7.1474,105574123414.164,677012,155941.28821079095,10.55727224923635
"Macao SAR, China",MO,MAC,2020,2.2329,39120940823.8275,685400,57077.53257050992,3.257805660927925
"Macao SAR, China",MO,MAC,2021,2.0473,50078061226.1194,682500,73374.44868295883,2.99970695970696
"Macao SAR, China",MO,MAC,2022,1.6785,43478277465.9129,677300,64193.52940486181,2.4782223534622765
"Macao SAR, China",MO,MAC,2023,1.6805,78963813359.371,678800,116328.54060013406,2.4756923983500294
"Macao SAR, China",MO,MAC,2024,1.7349,87221463074.4283,687000,126959.91713890582,2.525327510917031
Madagascar,MG,MDG,2020,3.1281,43150154155.6067,28953556,1490.3231283786592,0.10803854283045579
Madagascar,MG,MDG,2021,4.103,46835678113.5382,29691083,1577.4324605652882,0.13818963760937922
Madagascar,MG,MDG,2022,4.384,52260133350.5173,30437261,1716.9788487379763,0.14403398518677485
Madagascar,MG,MDG,2023,4.5942,56416214294.4254,31195932,1808.4477903857912,0.1472692016382136
Madagascar,MG,MDG,2024,4.6827,60207191110.6919,31964956,1883.5374311383973,0.14649480512346083
Malawi,MW,MWI,2020,5.2063,29563756336.0156,19533888,1513.4599080334442,0.26652656143006453
Malawi,MW,MWI,2021,6.1189,33831623933.4187,20047258,1687.593581796508,0.3052237867143726
Malawi,MW,MWI,2022,5.6023,36577488742.4275,20568728,1778.3058214600094,0.2723697838777391
Malawi,MW,MWI,2023,4.7047,38631007474.0452,21104482,1830.4646128744214,0.22292421107516402
Malawi,MW,MWI,2024,4.7949,40227239746.2133,21655286,1857.6175695030443,0.22141938000726474
Malaysia,MY,MYS,2020,253.08,931106663877.47,33889558,27474.73613782363,7.467786980284606
Malaysia,MY,MYS,2021,257.9155,1022398815013.98,34282399,29822.84918316189,7.523262884840702
Malaysia,MY,MYS,2022,276.9845,1194214306518.24,34695493,34419.86849756653,7.983299156463924
Malaysia,MY,MYS,2023,282.3786,1280946897746.06,35126298,36466.891493833486,8.038951329286109
Malaysia,MY,MYS,2024,295.9542,1378901065661.01,35557673,38779.28304422536,8.323216201465153
Maldives,MV,MDV,2020,1.208,6741118651.2306,502118,13425.367445960113,2.4058089931052065
Maldives,MV,MDV,2021,1.6808,9834087308.92595,516154,19052.62249043105,3.2563924720141664
Maldives,MV,MDV,2022,1.7895,11991813787.4398,524106,22880.512315141976,3.414385639546199
Maldives,MV,MDV,2023,1.7942,13037394172.4742,525994,24786.203212345008,3.4110655254622677
Maldives,MV,MDV,2024,1.8824,13819246767.5298,527799,26182.78315709162,3.566509220366086
Mali,ML,MLI,2020,6.8432,59141995694.5382,21713836,2723.700947844416,0.31515389542409733
Mali,ML,MLI,2021,7.3008,62603712698.5224,22388630,2796.227937954328,0.32609409329646344
Mali,ML,MLI,2022,7.4928,69550652231.9446,23072640,3014.421073268798,0.32474827327952066
Mali,ML,MLI,2023,7.177,75458174206.056,23769127,3174.629602763955,0.30194630202447065
Mali,ML,MLI,2024,7.4121,81140993673.8658,24478595,3314.7733223195937,0.3027992415414365
Malta,MT,MLT,2020,1.6204,25760003596.9426,515490,49971.87840102155,3.143416943102679
Malta,MT,MLT,2021,1.6274,29458030567.2131,518150,56852.321851226676,3.140789346714272
Malta,MT,MLT,2022,1.7963,32179546634.8879,531113,60588.88905917931,3.382142783174202
Malta,MT,MLT,2023,1.7877,37065676317.1794,552747,67057.21843298904,3.2342102263784334
Malta,MT,MLT,2024,1.8083,39741782395.5776,568847,69863.74613134569,3.178886414097288
Marshall Islands,MH,MHL,2020,1e-4,262085491.939992,42706,6136.971197021308,0.0023415913454783873
Marshall Islands,MH,MHL,2021,1e-4,279970112.59214,41367,6767.957855105277,0.0024173858389537556
Marshall Islands,MH,MHL,2022,1e-4,297829323.081778,40077,7431.427578954961,0.002495196746263443
Marshall Islands,MH,MHL,2023,1e-4,293094638.232714,38827,7548.7325374794345,0.0025755273392227057
Marshall Islands,MH,MHL,2024,1e-4,307692288.184685,37548,8194.638547584025,0.002663257696814744
Mauritania,MR,MRT,2020,4.6354,26408154182.6331,4600131,5740.739596901283,1.0076669555714826
Mauritania,MR,MRT,2021,4.4111,27635403694.625,4734874,5836.565808218973,0.9316192996899179
Mauritania,MR,MRT,2022,5.0263,31617666951.8516,4875637,6484.8279213263,1.0309011930133436
Mauritania,MR,MRT,2023,4.8274,34985869654.6274,5022441,6965.909535747141,0.9611660943354038
Mauritania,MR,MRT,2024,5.0116,38091993637.0885,5169395,7368.752752902129,0.9694751513474981
Mauritius,MU,MUS,2020,3.745,27373244659.4647,1266014,21621.597122515785,2.958103148938321
Mauritius,MU,MUS,2021,3.9879,29138600357.748,1266334,23010.201382690506,3.149169176536364
Mauritius,MU,MUS,2022,4.0499,33929661729.1284,1262523,26874.48999275926,3.2077831453367582
Mauritius,MU,MUS,2023,4.3225,36910896508.0926,1248647,29560.713723007862,3.461746994947331
Mauritius,MU,MUS,2024,4.4055,39665304066.0208,1245779,31839.759753552433,3.5363415180381113
Mexico,MX,MEX,2020,439.0381,2454084724593.04,126799054,19354.12487062435,3.462471415599047
Mexico,MX,MEX,2021,452.7201,2652858835882.47,127648148,20782.58774175455,3.5466248989370373
Mexico,MX,MEX,2022,452.9546,2975527888656.19,128613117,23135.493160127593,3.52183828963573
Mexico,MX,MEX,2023,475.5955,3275042077168.85,129739759,25243.164488758222,3.6657652493404123
Mexico,MX,MEX,2024,475.9921,3426642116491.59,130861007,26185.356471325256,3.637386803847536
"Micronesia, Fed. Sts.",FM,FSM,2020,2e-4,408613414.302432,110916,3683.9898148367415,0.0018031663601283854
"Micronesia, Fed. Sts.",FM,FSM,2021,2e-4,440514748.635775,111624,3946.416081091656,0.0017917293771948686
"Micronesia, Fed. Sts.",FM,FSM,2022,2e-4,458207653.413731,112114,4086.979801039397,0.0017838985318515083
"Micronesia, Fed. Sts.",FM,FSM,2023,2e-4,476846690.968941,112630,4233.744925587685,0.0017757258279321672
"Micronesia, Fed. Sts.",FM,FSM,2024,2e-4,491888696.928694,113160,4346.842496718752,0.0017674089784376105
Moldova,MD,MDA,2020,8.8484,35646566427.3806,2635130,13527.441313096735,3.357860902498169
Moldova,MD,MDA,2021,9.6527,40707659297.2633,2595809,15682.070328465345,3.718570973442191
Moldova,MD,MDA,2022,8.2882,41603848474.5635,2528654,16452.962119199976,3.277712174144822
Moldova,MD,MDA,2023,8.2074,43618128795.3083,2457783,17746.940553868382,3.339350951650329
Moldova,MD,MDA,2024,8.2081,44718897528.3762,2402306,18614.988069120336,3.4167587309859777
Mongolia,MN,MNG,2020,22.5155,45560002626.38,3327204,13693.179806943006,6.767093331217443
Mongolia,MN,MNG,2021,24.8887,50053145881.8599,3383741,14792.25090864221,7.35537974094353
Mongolia,MN,MNG,2022,24.9553,56320298556.3279,3433748,16401.98947515307,7.26765621705495
Mongolia,MN,MNG,2023,27.1526,62677497750.9381,3481145,18004.851205835464,7.7999049163421805
Mongolia,MN,MNG,2024,27.6578,67481100950.4545,3524788,19144.72613684979,7.846656309542588
Morocco,MA,MAR,2020,67.5867,286108585852.483,36584208,7820.548851364582,1.847428267409807
Morocco,MA,MAR,2021,73.1296,323485096796.555,36954442,8753.618761083038,1.9789123050484703
Morocco,MA,MAR,2022,72.3256,352829752448.324,37329064,9451.877830323418,1.937514425756831
Morocco,MA,MAR,2023,70.0459,378888275534.236,37712505,10046.75439974714,1.8573653487086048
Morocco,MA,MAR,2024,70.0409,402770325749.156,38081173,10576.6260337925,1.839252693187786
Mozambique,MZ,MOZ,2020,7.9534,43454882038.8104,30783688,1411.6204022991137,0.2583641050416052
Mozambique,MZ,MOZ,2021,9.1439,46205728911.2947,31707800,1457.2354093092142,0.2883801462100808
Mozambique,MZ,MOZ,2022,10.8972,51660358771.4538,32656246,1581.9441944261994,0.3336942035529742
Mozambique,MZ,MOZ,2023,10.719,56452955963.8512,33635160,1678.3911824368072,0.3186843767058043
Mozambique,MZ,MOZ,2024,10.1127,59060293229.5788,34631766,1705.3791952041602,0.29200647752124453
Myanmar,MM,MMR,2020,34.7186,304367346941.67,53016522,5740.990458439917,0.6548637800118234
Myanmar,MM,MMR,2021,31.8377,276462287916.21,53387102,5178.4471821716415,0.5963556515953985
Myanmar,MM,MMR,2022,31.031,308130563643.829,53756787,5731.937878724578,0.5772480412566324
Myanmar,MM,MMR,2023,31.241,322277844296.53,54133798,5953.357351659125,0.5771071152258705
Myanmar,MM,MMR,2024,31.3628,326862397165.755,54500091,5997.465163237159,0.5754632593182276
Namibia,NA,NAM,2020,3.5444,25525198217.6345,2728762,9354.13136713077,1.2989040451310887
Namibia,NA,NAM,2021,3.7053,27287889637.5942,2810548,9709.099306467706,1.3183549969614468
Namibia,NA,NAM,2022,3.5799,30811603938.3535,2889662,10662.701706411857,1.238864614615827
Namibia,NA,NAM,2023,3.6138,33338484191.5025,2963095,11251.237031381883,1.2196031514345642
Namibia,NA,NAM,2024,3.6498,35411935205.4205,3030131,11686.602066188063,1.20450237960009
Nauru,NR,NRU,2020,0,125871845.445095,11643,10810.946100240059,0
Nauru,NR,NRU,2021,0,141822169.432093,11709,12112.235838422837,0
Nauru,NR,NRU,2022,0,156305536.693347,11801,13245.109456261927,0
Nauru,NR,NRU,2023,0,163062399.384706,11875,13731.570474501557,0
Nauru,NR,NRU,2024,0,169324927.822256,11947,14173.008104315393,0
Nepal,NP,NPL,2020,16.4562,122690085757.445,28966574,4235.574623269048,0.5681099877396615
Nepal,NP,NPL,2021,17.383,134000165871.651,29475010,4546.2297000629005,0.5897538287518816
Nepal,NP,NPL,2022,15.0454,151637641435.803,29715436,5102.992311329473,0.506315976652673
Nepal,NP,NPL,2023,15.432,160208624971.652,29694614,5395.2082007751305,0.5196902037521013
Nepal,NP,NPL,2024,15.8919,170096869228.542,29651054,5736.6213433270195,0.5359640841097926
Netherlands,NL,NLD,2020,142.1604,1091779125681.31,17441500,62596.63020275263,8.150698047759654
Netherlands,NL,NLD,2021,145.8948,1202303330254.13,17533044,68573.56487864457,8.321133512241229
Netherlands,NL,NLD,2022,133.114,1391834585371.04,17700982,78630.35990720967,7.5201477522546485
Netherlands,NL,NLD,2023,122.9178,1461073361662.53,17877117,81728.690462927,6.875705965341056
Netherlands,NL,NLD,2024,118.7909,1550563902321.65,17993485,86173.62908417407,6.601883959666512
New Zealand,NZ,NZL,2020,34.6699,230861725700.254,5072400,45513.31237683424,6.835009068685435
New Zealand,NZ,NZL,2021,34.7093,245325429880.081,5084600,48248.71767298922,6.826358022263305
New Zealand,NZ,NZL,2022,32.1246,274584135755.952,5081700,54033.913012565085,6.321624653167247
New Zealand,NZ,NZL,2023,31.776,284426387712.054,5200000,54697.38225231808,6.110769230769231
New Zealand,NZ,NZL,2024,31.8146,293726672095.043,5287500,55551.14365863698,6.016945626477542
Nicaragua,NI,NIC,2020,4.7462,41191106018.3216,6565267,6274.094567413877,0.7229256631908496
Nicaragua,NI,NIC,2021,5.1925,47305035692.4433,6644741,7119.169233600422,0.7814450555710147
Nicaragua,NI,NIC,2022,5.2612,52476847102.5256,6730654,7796.693620341441,0.7816773823167853
Nicaragua,NI,NIC,2023,5.5369,56772319876.1377,6823613,8319.979441409954,0.811432301333619
Nicaragua,NI,NIC,2024,5.7393,60231278859.8267,6916140,8708.799830516256,0.8298415011841865
Niger,NE,NER,2020,2.4096,35501317683.8958,23717613,1496.8335002302213,0.10159538398741896
Niger,NE,NER,2021,2.8588,38850574077.5224,24502140,1585.5992202118834,0.11667552303594707
Niger,NE,NER,2022,3.2178,46573248097.999,25311973,1839.9690967590318,0.12712560968676762
Niger,NE,NER,2023,3.1629,49053754855.8382,26159867,1875.1530677062772,0.1209065780036267
Niger,NE,NER,2024,3.2142,55414634847.873,27032412,2049.933052510187,0.11890170954778286
Nigeria,NG,NGA,2020,118.9178,1586733523431.07,213996181,7414.774955404789,0.5557005711237436
Nigeria,NG,NGA,2021,130.9005,1658304866219.82,218529286,7588.47885596359,0.5990066704377555
Nigeria,NG,NGA,2022,129.0417,1853258842381.09,223150896,8304.958105035303,0.5782710368324041
Nigeria,NG,NGA,2023,125.8687,1983819998253.15,227882945,8705.434266935377,0.5523392722522521
Nigeria,NG,NGA,2024,131.9101,2114329449409.47,232679478,9086.875506096287,0.5669176376611951
North Macedonia,MK,MKD,2020,7.5804,37052222452.4946,1856124,19962.148246827583,4.083994388305953
North Macedonia,MK,MKD,2021,7.634,40681574628.7772,1837114,22144.284257143107,4.1554307462683315
North Macedonia,MK,MKD,2022,8.2042,44349927282.6088,1831712,24212.281888533133,4.478979228175608
North Macedonia,MK,MKD,2023,8.0203,46342636053.4879,1827816,25354.103505762014,4.387914319603286
North Macedonia,MK,MKD,2024,7.2973,49249354322.685,1824359,26995.429256349762,3.999925453268792
Norway,NO,NOR,2020,43.7079,361019819522.16,5379475,67110.6045705501,8.124937842447451
Norway,NO,NOR,2021,44.4278,481254696871.483,5408320,88984.13867365151,8.214713626412639
Norway,NO,NOR,2022,43.5471,684812405714.296,5457127,125489.5489356022,7.979858266080302
Norway,NO,NOR,2023,41.6042,572037741607.885,5519601,103637.51684367856,7.537537586503082
Norway,NO,NOR,2024,39.9995,568581567800.898,5572279,102037.52680023703,7.178301732558618
Oman,OM,OMN,2020,82.166,159026046195.661,4522497,35163.32817814164,18.168281814227846
Oman,OM,OMN,2021,87.7273,174253981507.44,4500424,38719.45876820495,19.49311887057753
Oman,OM,OMN,2022,93.1054,201584895347.812,4730226,42616.334895586806,19.683076453429496
Oman,OM,OMN,2023,95.7346,211791717284.958,5049269,41945.02556408819,18.96009105476456
Oman,OM,OMN,2024,98.5112,220452272078.928,5281538,41740.165853001155,18.651991143488885
Pakistan,PK,PAK,2020,222.5997,1186293820824.83,235001746,5048.021306296295,0.9472257282718232
Pakistan,PK,PAK,2021,229.1366,1285342890384.16,239477801,5367.273647147612,0.9568177052034982
Pakistan,PK,PAK,2022,235.3725,1442774797327.02,243700667,5920.274306541065,0.9658262445379355
Pakistan,PK,PAK,2023,208.8895,1488489467888.95,247504495,6013.989636385998,0.8439826517090124
Pakistan,PK,PAK,2024,203.9883,1570963817829.03,251269164,6252.115431995587,0.8118318091749611
Palau,PW,PLW,2020,1.2764,309397980.355713,17792,17389.724615316605,71.74010791366906
Palau,PW,PLW,2021,1.329,280625522.710811,17783,15780.550115886577,74.73429680031491
Palau,PW,PLW,2022,1.3981,305180272.945947,17759,17184.541525195506,78.72627963286222
Palau,PW,PLW,2023,1.3979,323167993.856817,17727,18230.26986274141,78.8571106222147
Panama,PA,PAN,2020,9.7127,115991046944.318,4293261,27017.003379090624,2.2623129597757976
Panama,PA,PAN,2021,10.7711,134415382052,4345405,30932.762780914552,2.478733282628432
Panama,PA,PAN,2022,11.4431,159893843948.226,4400773,36333.126918435926,2.6002477292057553
Panama,PA,PAN,2023,12.7389,177518292229.457,4458759,39813.385793997164,2.857050582908832
Panama,PA,PAN,2024,12.365,186806812931.674,4515577,41369.422541498905,2.7382990036489248
Papua New Guinea,PG,PNG,2020,5.4744,38277259227.6824,9815746,3899.577192368507,0.5577161430216308
Papua New Guinea,PG,PNG,2021,5.3867,39820324163.1154,10012896,3976.903801169552,0.5379762258591321
Papua New Guinea,PG,PNG,2022,5.5295,45094122323.6713,10203169,4419.619269628025,0.5419394699823162
Papua New Guinea,PG,PNG,2023,5.498,48497108860.9418,10389635,4667.835670929903,0.5291812465019223
Papua New Guinea,PG,PNG,2024,5.4677,51557168062.2333,10576502,4874.689955358898,0.5169667627349761
Paraguay,PY,PRY,2020,7.8549,94492100805.0164,6603739,14308.878773830462,1.1894625150994005
Paraguay,PY,PRY,2021,7.9771,102977624582.577,6684182,15406.167064657575,1.1934295026676414
Paraguay,PY,PRY,2022,8.0051,110513599071.132,6760464,16347.043497477689,1.1841051146785193
Paraguay,PY,PRY,2023,7.7424,120213942441.32,6844146,17564.491236937378,1.1312441318463984
Paraguay,PY,PRY,2024,8.0253,128353419878.209,6929153,18523.681015299993,1.158193505035897
Peru,PE,PER,2020,47.5328,412561044537.264,32838579,12563.303806089294,1.4474682354556208
Peru,PE,PER,2021,59.6288,506640152835.223,33155882,15280.551210648628,1.7984380569336083
Peru,PE,PER,2022,63.74,558007303167.352,33475438,16669.15614867689,1.9040826291802366
Peru,PE,PER,2023,65.0789,575755500916.112,33845617,17011.227802882484,1.9228161803048238
Peru,PE,PER,2024,69.2652,609160441707.41,34217848,17802.418249897248,2.0242418517961736
Philippines,PH,PHL,2020,136.3845,923366701020.759,112081264,8238.368020374566,1.21683584867494
Philippines,PH,PHL,2021,145.6114,1001824458376.1,113100950,8857.78995115514,1.2874463035014294
Philippines,PH,PHL,2022,151.7004,1154612182082.28,113964338,10131.346369794031,1.3311216707107094
Philippines,PH,PHL,2023,162.4527,1262175096006.69,114891199,10985.82926275049,1.4139699247111173
Philippines,PH,PHL,2024,174.1143,1366276178143.49,115843670,11794.137548849152,1.5030109111702004
Poland,PL,POL,2020,296.8799,1391432848266.15,37515748,37089.300425681235,7.913474096264854
Poland,PL,POL,2021,324.0123,1518447457166.84,36981559,41059.58478296818,8.761455946191992
Poland,PL,POL,2022,307.9616,1722431295218.79,36821749,46777.552451916126,8.363578818594412
Poland,PL,POL,2023,280.6501,1778349511630.98,36687353,48473.094028641965,7.649777840336423
Poland,PL,POL,2024,276.0619,1874118068301.56,36559233,51262.5105756885,7.5510856587171835
Portugal,PT,PRT,2020,40.6444,370352154969.925,10297081,35966.71279656098,3.9471768746890503
Portugal,PT,PRT,2021,38.962,400564219793.068,10361831,38657.66772234251,3.7601462521440467
Portugal,PT,PRT,2022,39.6684,472153678220.982,10434332,45250.014875986504,3.801719170906197
Portugal,PT,PRT,2023,37.4114,522062916868.827,10578174,49352.83886130319,3.536659540673088
Portugal,PT,PRT,2024,35.5573,552699920347.757,10694681,51679.88838075273,3.3247648994860155
Qatar,QA,QAT,2020,115.3371,229537740942.956,2794148,82149.45698758835,41.27809264219361
Qatar,QA,QAT,2021,118.4421,292655290700.514,2504910,116832.65694197155,47.28397427452483
Qatar,QA,QAT,2022,120.1007,326640816063.216,2657333,122920.54329028993,45.19595398845384
Qatar,QA,QAT,2023,129.1964,343605201617.812,2656032,129367.86967092716,48.64263683570078
Qatar,QA,QAT,2024,135.2669,360218045926.174,2857822,126046.35485561173,47.33216414458283
Romania,RO,ROU,2020,75.7011,658752826975.741,19265250,34193.83745218676,3.929411764705882
Romania,RO,ROU,2021,80.7465,717730343973.289,19122059,37534.15591769113,4.222688571351025
Romania,RO,ROU,2022,75.6755,799641992861.802,19048502,41979.25867670865,3.972779591802022
Romania,RO,ROU,2023,70.2532,876458181420.783,19061062,45981.60277852215,3.6856918045804585
Romania,RO,ROU,2024,70.8832,934996619902.926,19051804,49076.53993831377,3.7205505578369378
Russian Federation,RU,RUS,2020,1784.1991,4651428694918.23,145245148,32024.675240223725,12.284053027368598
Russian Federation,RU,RUS,2021,1938.4596,5688268314339.54,144746762,39298.06950942046,13.392075741217617
Russian Federation,RU,RUS,2022,1895.4729,6006312352159.35,144236933,41641.9860519313,13.141383836829087
Russian Federation,RU,RUS,2023,1948.3024,6476475754986.43,143826130,45029.89654930178,13.54623391451887
Russian Federation,RU,RUS,2024,2009.1541,6921249292202.15,143533851,48220.32742786335,13.997771856619384
Rwanda,RW,RWA,2020,1.4554,29854116562.1372,13065837,2284.8988979532805,0.11138972574049408
Rwanda,RW,RWA,2021,1.7066,36505744034.3984,13355260,2733.4356676244715,0.12778485780134569
Rwanda,RW,RWA,2022,2.2012,42300132773.9933,13651030,3098.6770063499457,0.16124790583567686
Rwanda,RW,RWA,2023,2.2883,47437550805.895,13954471,3399.451746031433,0.16398328535707302
Rwanda,RW,RWA,2024,2.3114,52904129982.2052,14256567,3710.860404345955,0.16212879299764102
Samoa,WS,WSM,2020,0.3132,1367198184.39616,211944,6450.752011834069,1.4777488393160458
Samoa,WS,WSM,2021,0.3435,1357521081.4193,213779,6350.114283532527,1.606799545324845
Samoa,WS,WSM,2022,0.3324,1487275123.05503,215261,6909.171299283335,1.5441719586920064
Samoa,WS,WSM,2023,0.3333,1775511524.59498,216663,8194.807256407325,1.5383337256476648
Samoa,WS,WSM,2024,0.3498,1904791902.26942,218019,8736.816067725382,1.6044473188116632
Sao Tome and Principe,ST,STP,2020,0.1541,1118602098.8079,217435,5144.5356028601645,0.7087175477728976
Sao Tome and Principe,ST,STP,2021,0.1583,1272434617.36875,221961,5732.694560615379,0.7131883529088443
Sao Tome and Principe,ST,STP,2022,0.1412,1365452217.67886,226305,6033.681172218289,0.6239367225646804
Sao Tome and Principe,ST,STP,2023,0.1456,1419852369.84082,230871,6149.981460819332,0.6306552143837901
Sao Tome and Principe,ST,STP,2024,0.1477,1470181828.88543,235536,6241.856144646382,0.6270803613884927
Saudi Arabia,SA,SAU,2020,577.1045,1499327559869.91,31552510,47518.48774851541,18.290288157740857
Saudi Arabia,SA,SAU,2021,590.321,1929888259783.05,30784383,62690.49666459289,19.175989331993435
Saudi Arabia,SA,SAU,2022,620.4308,2315588932554.49,32175224,71968.07495588812,19.282874301046046
Saudi Arabia,SA,SAU,2023,635.4338,2411929204431.52,33702731,71564.80002856505,18.85407446654694
Saudi Arabia,SA,SAU,2024,652.511,2519570644557.09,35300280,71375.37278902858,18.484584258255175
Senegal,SN,SEN,2020,10.8149,63008586953.5983,16789219,3752.9194749081717,0.6441574203064478
Senegal,SN,SEN,2021,13.1241,71874343647.3324,17220867,4173.677413996194,0.7621044863769054
Senegal,SN,SEN,2022,14.5438,79963390334.37,17651103,4530.220594960552,0.823959839790182
Senegal,SN,SEN,2023,13.717,86367675226.1367,18077573,4777.614518615785,0.7587854851975981
Senegal,SN,SEN,2024,14.2023,93817059650.5868,18501984,5070.6486207417975,0.7676095709519585
Seychelles,SC,SYC,2020,0.8388,3057830378.36233,98462,31055.94420550395,8.519022567081716
Seychelles,SC,SYC,2021,0.7882,2975737695.0276,99258,29979.82726860908,7.940921638558101
Seychelles,SC,SYC,2022,0.8424,3593088408.93978,119878,29972.87583159362,7.02714426333439
Seychelles,SC,SYC,2023,0.8395,3806479822.17321,119773,31780.783834196438,7.009092199410552
Seychelles,SC,SYC,2024,0.8782,4033634641.49159,121354,33238.58003437538,7.2366794666842464
Sierra Leone,SL,SLE,2020,1.2307,21514821775.5271,7912558,2719.072868158072,0.15553756446398245
Sierra Leone,SL,SLE,2021,1.4724,23064667140.0586,8094602,2849.3886592643594,0.18189899886368718
Sierra Leone,SL,SLE,2022,1.4668,26021987468.2999,8276807,3143.9645105050654,0.17721809871850341
Sierra Leone,SL,SLE,2023,1.4104,28497688698.5533,8460512,3368.317271880626,0.16670385905722962
Sierra Leone,SL,SLE,2024,1.4618,30439844906.4775,8642022,3522.3058800911986,0.16915022896262008
Singapore,SG,SGP,2020,53.8768,577213563024.154,5685807,101518.31798443985,9.475664580243402
Singapore,SG,SGP,2021,55.7179,723237492898.215,5453566,132617.35402087643,10.21678292698759
Singapore,SG,SGP,2022,56.3467,806629380658.055,5637022,143094.9498969589,9.995827584139285
Singapore,SG,SGP,2023,56.1013,850875741862.077,5917648,143786.1362930132,9.480337458395633
Singapore,SG,SGP,2024,58.8681,909690217412.881,6036860,150689.30162582552,9.751443631291764
Slovak Republic,SK,SVK,2020,32.6439,192849134106.197,5458827,35327.94391655881,5.980020982529764
Slovak Republic,SK,SVK,2021,36.6483,208880643198.039,5447247,38346.09357681761,6.727857209338956
Slovak Republic,SK,SVK,2022,33.1887,225755290188.508,5431752,41562.14977939125,6.110128002898511
Slovak Republic,SK,SVK,2023,31.1483,249488622901.674,5426740,45973.94069029915,5.7397811577484825
Slovak Republic,SK,SVK,2024,29.8925,260976957698.998,5422069,48132.356430543026,5.5131168563144435
Slovenia,SI,SVN,2020,13.5406,87812276776.0687,2102419,41767.25798999566,6.440485935486694
Slovenia,SI,SVN,2021,13.8601,96790459870.841,2108079,45914.05723924056,6.574753602687565
Slovenia,SI,SVN,2022,13.3893,110561074122.787,2112076,52347.109726537776,6.339402559377598
Slovenia,SI,SVN,2023,12.6186,118881732163.438,2120461,56064.0974596741,5.950875776541045
Slovenia,SI,SVN,2024,13.3314,121658286418.111,2127400,57186.37135381733,6.266522515746921
Solomon Islands,SB,SLB,2020,0.3077,1790752276.59003,744498,2405.3150936470347,0.4132986253824725
Solomon Islands,SB,SLB,2021,0.3326,1868248888.06751,762591,2449.870098214521,0.4361446699475866
Solomon Islands,SB,SLB,2022,0.299,1949718308.05768,781066,2496.227345778308,0.38281015944875335
Solomon Islands,SB,SLB,2023,0.2998,2077263896.84064,800005,2596.5636425280345,0.3747476578271386
Solomon Islands,SB,SLB,2024,0.3145,2191267088.70967,819198,2674.8931133983115,0.3839120700978274
South Africa,ZA,ZAF,2020,450.8617,767391152773.916,60562381,12671.086243685102,7.444583461802798
South Africa,ZA,ZAF,2021,448.5635,841475835218.983,61502603,13681.954814481316,7.2934067522312835
South Africa,ZA,ZAF,2022,429.3281,920022151060.577,62378410,14749.047804530077,6.882639361920254
South Africa,ZA,ZAF,2023,427.2669,960811357979.515,63212384,15199.73298237755,6.75922774879049
South Africa,ZA,ZAF,2024,440.1678,989307819277.577,64007187,15456.198993365808,6.876849626277124
Spain,ES,ESP,2020,214.4546,1862544224980.41,47359424,39327.847926959796,4.528234971776683
Spain,ES,ESP,2021,233.1927,2099468112223.22,47443821,44251.66582226208,4.915133205649688
Spain,ES,ESP,2022,238.6544,2456154561384.69,47786102,51398.931040340765,4.994221960184156
Spain,ES,ESP,2023,220.9934,2692377081289.33,48352528,55682.24026030925,4.570462169010067
Spain,ES,ESP,2024,220.0839,2831537411916.24,48848840,57965.29481388381,4.505406883766329
Sri Lanka,LK,LKA,2020,22.6144,283651681999.953,21919000,12940.904329574934,1.0317258999041927
Sri Lanka,LK,LKA,2021,22.8196,317188291991.223,22156000,14316.13522256829,1.0299512547391225
Sri Lanka,LK,LKA,2022,20.7971,314829453164.917,22181000,14193.654621744601,0.937608764257698
Sri Lanka,LK,LKA,2023,21.5803,318559256926.749,22037000,14455.654441473387,0.9792757634886782
Sri Lanka,LK,LKA,2024,23.3347,342603896900.927,21916000,15632.592484984805,1.0647335280160612
St. Kitts and Nevis,KN,KNA,2020,0.1196,1280771310.01142,46870,27326.036057423087,2.551738852144229
St. Kitts and Nevis,KN,KNA,2021,0.1162,1257766533.81363,46763,26896.61770659774,2.48487051728931
St. Kitts and Nevis,KN,KNA,2022,0.1301,1488656998.30605,46709,31870.88137845062,2.7853304502344303
St. Kitts and Nevis,KN,KNA,2023,0.1305,1588819556.44645,46758,33979.63036157342,2.790966251764404
St. Kitts and Nevis,KN,KNA,2024,0.1351,1632319449.35641,46843,34846.60353428282,2.8841022137779393
St. Lucia,LC,LCA,2020,0.2776,2658092445.8899,178250,14912.159584235063,1.5573632538569424
St. Lucia,LC,LCA,2021,0.2822,3409978230.91316,178522,19101.165295667535,1.5807575536908616
St. Lucia,LC,LCA,2022,0.2961,4397900557.96638,178781,24599.373300106723,1.656216264591875
St. Lucia,LC,LCA,2023,0.297,4656839898.51058,179285,25974.509292526312,1.6565803051008172
St. Lucia,LC,LCA,2024,0.3075,4955061818.04914,179744,27567.32807798391,1.7107664233576643
St. Vincent and the Grenadines,VC,VCT,2020,0.1238,1587736725.00597,103526,15336.598777176458,1.1958348627397948
St. Vincent and the Grenadines,VC,VCT,2021,0.1174,1666116701.3437,102841,16200.899459784521,1.141568051652551
St. Vincent and the Grenadines,VC,VCT,2022,0.1271,1840427498.4382901,102046,18035.27329281197,1.2455167277502301
St. Vincent and the Grenadines,VC,VCT,2023,0.1275,2008208590.20078,101323,19819.869034678995,1.258352003000306
St. Vincent and the Grenadines,VC,VCT,2024,0.132,2140311608.05812,100616,21272.080067366223,1.3119185815377277
Sudan,SD,SDN,2020,21.6685,156677404687.453,46789231,3348.578323235383,0.4631087012308452
Sudan,SD,SDN,2021,23.6032,156168260027.791,48066924,3248.975533108609,0.4910486886991146
Sudan,SD,SDN,2022,21.4434,165699797555.15,49383346,3355.378097611085,0.4342233108303354
Sudan,SD,SDN,2023,21.7036,121136486067.806,50042791,2420.6580737634317,0.4337008301555363
Sudan,SD,SDN,2024,21.8678,106740734179.302,50448963,2115.816219637696,0.4334638156982533
Suriname,SR,SUR,2020,2.6044,10376871438.022,612317,16946.894236191383,4.253352430195471
Suriname,SR,SUR,2021,2.7191,11405269573.3629,617896,18458.234999681015,4.40057873816953
Suriname,SR,SUR,2022,2.8628,12512408102.7077,623164,20078.8365545951,4.593975261728855
Suriname,SR,SUR,2023,2.496,13275907992.2927,628886,21110.19802045633,3.968922825440541
Suriname,SR,SUR,2024,2.5765,13830929890.7189,634431,21800.52659898224,4.061119333702168
Sweden,SE,SWE,2020,38.0388,595211778250.693,10353442,57489.26571962184,3.6740245417900637
Sweden,SE,SWE,2021,40.4785,653401537327.892,10415811,62731.700616293056,3.8862552325498227
Sweden,SE,SWE,2022,37.7526,703418659604.511,10486941,67075.67627247173,3.59996303974629
Sweden,SE,SWE,2023,36.6683,729412335215.258,10536632,69226.32727566628,3.480077884470104
Sweden,SE,SWE,2024,37.7742,759379823414.092,10569709,71844.91298805785,3.5738164598476647
Switzerland,CH,CHE,2020,35.9401,630567393919.535,8638167,72997.82395032824,4.160616482640356
Switzerland,CH,CHE,2021,37.6301,705080509164.276,8704546,81001.4111206117,4.323039937981831
Switzerland,CH,CHE,2022,34.4805,828745442926.581,8777088,94421.45765504242,3.928466935730848
Switzerland,CH,CHE,2023,33.6661,845696712478.69,8888822,95141.59609436322,3.7874647506722487
Switzerland,CH,CHE,2024,33.7321,869017903306.548,9005582,96497.69479713227,3.745687952205643
Syrian Arab Republic,SY,SYR,2020,31.7492,78675556558.0617,21049429,3737.6575183137606,1.508316448868993
Syrian Arab Republic,SY,SYR,2021,32.0363,99337766654.2033,21628839,4592.838601008741,1.4811844500761226
Syrian Arab Republic,SY,SYR,2022,31.1656,107199859817.267,22462173,4772.461676671575,1.3874703930024936
Tajikistan,TJ,TJK,2020,9.3881,35623586501.7738,9749310,3653.9597675911223,0.9629501985268701
Tajikistan,TJ,TJK,2021,9.4268,39727222945.4623,9966908,3985.9124761121807,0.9458098740351571
Tajikistan,TJ,TJK,2022,9.5606,45964333259.2586,10182222,4514.175123981641,0.9389502605619874
Tajikistan,TJ,TJK,2023,9.3204,51570629197.8085,10389799,4963.582952645042,0.897072214775281
Tajikistan,TJ,TJK,2024,9.7699,57254340774.0345,10590927,5405.980116191387,0.9224782684273057
Tanzania,TZ,TZA,2020,16.677,194561908147.279,60972798,3190.9624378280787,0.27351541256151635
Tanzania,TZ,TZA,2021,18.9418,212790081675.953,62830412,3386.7370100319094,0.30147502454702985
Tanzania,TZ,TZA,2022,20.9124,238369618090.938,64711821,3683.5560243458144,0.3231619768511846
Tanzania,TZ,TZA,2023,21.5734,259466130648.377,66617606,3894.8582248418984,0.3238393165914728
Tanzania,TZ,TZA,2024,21.3363,280425918025.025,68560157,4090.216975801631,0.311205530057348
Thailand,TH,THA,2020,275.6334,1372918881143.84,71641484,19163.741515234946,3.8473993643124422
Thailand,TH,THA,2021,268.5767,1451959884645.39,71727332,20242.770003565583,3.744412241626386
Thailand,TH,THA,2022,284.314,1595614286791.42,71735329,22243.07477270258,3.9633748665180026
Thailand,TH,THA,2023,275.0344,1686384776706.79,71702435,23519.21209798231,3.8357748938372875
Thailand,TH,THA,2024,283.8091,1771064607709,71668011,24712.065857513473,3.9600526935231954
Timor-Leste,TL,TLS,2020,0.6794,8131467055.83302,1326053,6132.08299806495,0.5123475456863338
Timor-Leste,TL,TLS,2021,0.7107,9214760627.89325,1350139,6825.045886307446,0.5263902457450678
Timor-Leste,TL,TLS,2022,0.6946,7845802530.68223,1369295,5729.8117138251655,0.5072683388166903
Timor-Leste,TL,TLS,2023,0.6644,6654016143.81996,1384286,4806.821815592992,0.47995862126757044
Timor-Leste,TL,TLS,2024,0.6994,6194712083.30184,1400638,4422.778821723986,0.49934387043618694
Togo,TG,TGO,2020,2.4218,20669188622.0661,8669720,2384.066454518266,0.27934004789082
Togo,TG,TGO,2021,2.534,23428363747.2408,8878379,2638.8109526796275,0.2854124609909084
Togo,TG,TGO,2022,2.6044,26678505315.8771,9089738,2935.013673207864,0.28652090962357774
Togo,TG,TGO,2023,2.5313,29349910406.5856,9304337,3154.4332934829854,0.2720559240276873
Togo,TG,TGO,2024,2.6276,32023127975.1544,9515236,3365.4580900730575,0.2761465926856675
Tonga,TO,TON,2020,0.1865,705637944.783575,105704,6675.6030498711025,1.7643608567320064
Tonga,TO,TON,2021,0.2065,730958849.332373,105490,6929.176692884378,1.9575315195753151
Tonga,TO,TON,2022,0.1614,766404375.42075,105042,7296.170821392871,1.5365282458445193
Tonga,TO,TON,2023,0.1618,816135859.562002,104597,7802.669862061072,1.5468894901383405
Trinidad and Tobago,TT,TTO,2020,29.8017,36534412038.4497,1366725,26731.35564100291,21.80519124183724
Trinidad and Tobago,TT,TTO,2021,28.6842,41686067308.9332,1367558,30482.120179863083,20.974759388632876
Trinidad and Tobago,TT,TTO,2022,28.4989,45042689937.8251,1365805,32978.85857631588,20.866009423014265
Trinidad and Tobago,TT,TTO,2023,26.9495,47347803546.4476,1367510,34623.36915009587,19.706985689318543
Trinidad and Tobago,TT,TTO,2024,26.7934,49709503187.8169,1368333,36328.51300656851,19.581052273094343
Tunisia,TN,TUN,2020,28.7185,142707604074.227,11974057,11918.066205482986,2.3983934601280086
Tunisia,TN,TUN,2021,31.0178,149936984870.616,12048622,12444.326402688706,2.5743856849355886
Tunisia,TN,TUN,2022,30.3588,165047622634.437,12119334,13618.538991865147,2.5049891355416065
Tunisia,TN,TUN,2023,31.2092,171301324097.659,12200431,14040.596114814221,2.55804077741188
Tunisia,TN,TUN,2024,32.1799,178275999157.021,12277109,14521.008093763849,2.6211301048153928
Turkiye,TR,TUR,2020,423.0905,2435610709000.62,83384680,29209.330886688298,5.073959629034974
Turkiye,TR,TUR,2021,460.7071,2701595710002.02,84147318,32105.547440050555,5.475006345419113
Turkiye,TR,TUR,2022,444.4077,3362154653488.2,84979913,39564.11032673333,5.229561720073778
Turkiye,TR,TUR,2023,446.4386,3650773845907.95,85325965,42786.20049486637,5.2321541279960915
Turkiye,TR,TUR,2024,460.0275,3902987817630.99,85518661,45639.01927359445,5.379264532684861
Turkmenistan,TM,TKM,2020,76.8253,104880701502.71,6949912,15090.939497177807,11.05413996608878
Turkmenistan,TM,TKM,2021,95.4323,116551626881.618,7092043,16434.139906035256,13.456249489745057
Turkmenistan,TM,TKM,2022,101.2613,132602544199.709,7230193,18340.111280529993,14.005338446705364
Turkmenistan,TM,TKM,2023,94.7287,146028887635.91,7364438,19828.924846119964,12.862991038827403
Turkmenistan,TM,TKM,2024,81.408,158981432475.916,7494498,21213.086250195276,10.86236863362963
Turks and Caicos Islands,TC,TCA,2020,0.2149,866859707.740014,44386,19530.025407561257,4.841616725994683
Turks and Caicos Islands,TC,TCA,2021,0.215,1133630688.91659,45243,25056.488051556924,4.752116349490529
Turks and Caicos Islands,TC,TCA,2022,0.2205,1385534118.5613,45847,30220.824013813337,4.809474992911205
Turks and Caicos Islands,TC,TCA,2023,0.2212,1632486730.74219,46198,35336.74035114485,4.7880860643317895
Turks and Caicos Islands,TC,TCA,2024,0.2291,1766207429.49504,46535,37954.38765434705,4.923176104007736
Tuvalu,TV,TUV,2020,0,53265739.9121288,10399,5122.198279846985,0
Tuvalu,TV,TUV,2021,0,54568264.1071132,10194,5352.978625378968,0
Tuvalu,TV,TUV,2022,0,56566149.3258563,9992,5661.14384766376,0
Tuvalu,TV,TUV,2023,0,60378318.7776043,9816,6151.010470416086,0
Uganda,UG,UGA,2020,7.1198,112575267254.241,44457152,2532.2195010206906,0.16014970999491826
Uganda,UG,UGA,2021,8.1105,123267190675.87,45910930,2684.9203593974244,0.1766572796499657
Uganda,UG,UGA,2022,7.9541,138114236789.416,47312719,2919.1777540710773,0.16811758377276942
Uganda,UG,UGA,2023,8.1166,150720488734.493,48656601,3097.6370243061783,0.166813953979235
Uganda,UG,UGA,2024,8.2549,163712758855.012,50015092,3273.2671741363984,0.16504818185678832
Ukraine,UA,UKR,2020,198.8972,656105592902.923,44680014,14684.543136063543,4.451592159304158
Ukraine,UA,UKR,2021,194.1363,746470597165.436,44298640,16850.869398370607,4.382443795114252
Ukraine,UA,UKR,2022,119.345,569710531654.787,41048766,13878.871088470405,2.9073955597106136
Ukraine,UA,UKR,2023,121.6952,622877549418.571,37732836,16507.573123275735,3.225180317747651
Ukraine,UA,UKR,2024,118.4778,656527758178.686,37860221,17340.83269558004,3.1293478186511376
United Arab Emirates,AE,ARE,2020,195.6742,627901742033.062,9401038,66790.68226647547,20.814105846609703
United Arab Emirates,AE,ARE,2021,199.421,656665346475.563,9575152,68580.14854234825,20.82692786495713
United Arab Emirates,AE,ARE,2022,195.184,756345234049.455,10074977,75071.65863003508,19.373145963509394
United Arab Emirates,AE,ARE,2023,192.6964,817263903757.606,10483751,77955.29517608783,18.38048232927318
United Arab Emirates,AE,ARE,2024,200.559,870438615966.339,10986400,79228.73880127603,18.25520643704944
United Kingdom,GB,GBR,2020,319.6964,3219066303872.09,66744000,48230.04770274616,4.789889727915618
United Kingdom,GB,GBR,2021,337.9148,3416480549650.65,66984000,51004.42717142377,5.044709184282814
United Kingdom,GB,GBR,2022,324.9949,3990094365696.7,67604000,59021.572180591385,4.807332406366487
United Kingdom,GB,GBR,2023,304.7866,4103447962718.85,68492000,59911.34676632089,4.449959119313204
United Kingdom,GB,GBR,2024,292.4194,4292669008496.52,69226000,62009.490776536564,4.224126773177708
United States,US,USA,2020,4466.8765,21354104999999.9,331577720,64401.50743542087,13.471582167824787
United States,US,USA,2021,4754.3785,23681171000000,332099760,71307.40172772181,14.316115434711545
United States,US,USA,2022,4815.7665,26006893000000,334017321,77860.91129088482,14.417714882516528
United States,US,USA,2023,4618.2675,27720709000000,336806231,82304.62042728657,13.71194198601391
United States,US,USA,2024,4632.1649,29184890000000.1,340110988,85809.90038463591,13.619568503914374
Uruguay,UY,URY,2020,6.9135,87439329471.1228,3398968,25725.258216941966,2.033999731683264
Uruguay,UY,URY,2021,8.5518,99971136649.7861,3396695,29431.885008747064,2.5176826297327253
Uruguay,UY,URY,2022,8.093,111903244231.607,3390913,33000.91869995101,2.3866728518248626
Uruguay,UY,URY,2023,8.1908,116790310507.257,3388081,34470.93222011428,2.4175337012308735
Uruguay,UY,URY,2024,8.6953,123332335624.219,3386588,36417.874162495995,2.5675694829131857
Uzbekistan,UZ,UZB,2020,123.9451,283862781607.33,33586372,8451.725051081135,3.690339045848715
Uzbekistan,UZ,UZB,2021,134.3607,316673503929.41,34243696,9247.643827039288,3.9236623289729007
Uzbekistan,UZ,UZB,2022,128.9082,359610275444.799,34938955,10292.530942748546,3.689526489844931
Uzbekistan,UZ,UZB,2023,132.6306,395989161090.91,35652307,11106.971593476685,3.720112698457353
Uzbekistan,UZ,UZB,2024,148.5388,431926264607.887,36361859,11878.55287068483,4.085016665402063
Vanuatu,VU,VUT,2020,0.2515,931732926.139278,298858,3117.644252920377,0.8415367833553059
Vanuatu,VU,VUT,2021,0.2909,959152084.296046,305868,3135.836649456779,0.95106385761178025
Vanuatu,VU,VUT,2022,0.2709,1080824944.57349,313046,3452.60742693882,0.8653680289797665
Vanuatu,VU,VUT,2023,0.2717,1143161260.39422,320409,3567.818820302239,0.8479786772531358
Vanuatu,VU,VUT,2024,0.2851,1181835165.90607,327777,3605.607366917355,0.8697986740985487
Viet Nam,VN,VNM,2020,348.3315,1138632490789.12,98079191,11609.31772764235,3.551533168743205
Viet Nam,VN,VNM,2021,336.1703,1192059299524.62,98935098,12048.901993553593,3.397887168414186
Viet Nam,VN,VNM,2022,343.9999,1386074827447.82,99680655,13905.153687521617,3.4510196587291686
Viet Nam,VN,VNM,2023,390.7253,1508682497102.43,100352192,15033.876859435517,3.893540262678069
Viet Nam,VN,VNM,2024,430.8192,1654734391083.39,100987686,16385.506556545814,4.266056754681952
Virgin Islands (U.S.),VI,VIR,2020,2e-4,4437509717.07484,106290,41749.08003645535,0.0018816445573431179
Virgin Islands (U.S.),VI,VIR,2021,2e-4,4964620106.61981,105870,46893.54969887419,0.0018891092849721357
Virgin Islands (U.S.),VI,VIR,2022,2e-4,5248832928.55256,105413,49793.03243957159,0.001897299194596492
Zambia,ZM,ZMB,2020,9.531,60176229608.2428,19059395,3157.300093116429,0.5000683390002674
Zambia,ZM,ZMB,2021,9.6802,68672119764.9363,19603607,3503.0349141837164,0.49379688135963956
Zambia,ZM,ZMB,2022,10.5712,77401882826.5905,20152938,3840.7245051113887,0.5245488275704515
Zambia,ZM,ZMB,2023,11.3586,84491503485.3915,20723965,4076.9950868664127,0.5480900976236931
Zambia,ZM,ZMB,2024,11.5732,89840254108.8107,21314956,4214.892778047992,0.5429614773776685
Zimbabwe,ZW,ZWE,2020,9.0746,64880430290.3533,15526888,4178.5855794382815,0.5844442234657711
Zimbabwe,ZW,ZWE,2021,10.8831,76254533781.5607,15797210,4827.088693608599,0.6889254494939296
Zimbabwe,ZW,ZWE,2022,11.5572,86706317020.6175,16069056,5395.856298006398,0.7192208428422927
Zimbabwe,ZW,ZWE,2023,12.566,94632839744.1932,16340822,5791.192128779887,0.7689943627070902
Zimbabwe,ZW,ZWE,2024,12.8554,98609904294.9076,16634373,5928.080625275602,0.7728214342674653
